-- MySQL dump 10.13  Distrib 8.0.32, for Win64 (x86_64)
--
-- Host: 127.0.0.1    Database: finalprojectanalysis
-- ------------------------------------------------------
-- Server version	8.0.32

/*!40101 SET @OLD_CHARACTER_SET_CLIENT=@@CHARACTER_SET_CLIENT */;
/*!40101 SET @OLD_CHARACTER_SET_RESULTS=@@CHARACTER_SET_RESULTS */;
/*!40101 SET @OLD_COLLATION_CONNECTION=@@COLLATION_CONNECTION */;
/*!50503 SET NAMES utf8 */;
/*!40103 SET @OLD_TIME_ZONE=@@TIME_ZONE */;
/*!40103 SET TIME_ZONE='+00:00' */;
/*!40014 SET @OLD_UNIQUE_CHECKS=@@UNIQUE_CHECKS, UNIQUE_CHECKS=0 */;
/*!40014 SET @OLD_FOREIGN_KEY_CHECKS=@@FOREIGN_KEY_CHECKS, FOREIGN_KEY_CHECKS=0 */;
/*!40101 SET @OLD_SQL_MODE=@@SQL_MODE, SQL_MODE='NO_AUTO_VALUE_ON_ZERO' */;
/*!40111 SET @OLD_SQL_NOTES=@@SQL_NOTES, SQL_NOTES=0 */;

--
-- Table structure for table `competitions`
--

DROP TABLE IF EXISTS `competitions`;
/*!40101 SET @saved_cs_client     = @@character_set_client */;
/*!50503 SET character_set_client = utf8mb4 */;
CREATE TABLE `competitions` (
  `CompetitionID` int NOT NULL,
  `CompetitionName` text NOT NULL,
  `MP` int NOT NULL,
  `Gls` double NOT NULL,
  `Ast` double NOT NULL,
  `PKatt` double NOT NULL,
  `PKatt_[0]` double NOT NULL,
  `PK` double NOT NULL,
  `CrdY` double NOT NULL,
  `CrdR` double NOT NULL,
  `Sh` double NOT NULL,
  `SoT` double NOT NULL,
  `G/Sh` double NOT NULL,
  PRIMARY KEY (`CompetitionID`)
) ENGINE=InnoDB DEFAULT CHARSET=utf8mb4 COLLATE=utf8mb4_0900_ai_ci;
/*!40101 SET character_set_client = @saved_cs_client */;

--
-- Dumping data for table `competitions`
--

LOCK TABLES `competitions` WRITE;
/*!40000 ALTER TABLE `competitions` DISABLE KEYS */;
INSERT INTO `competitions` VALUES (11,'de Bundesliga',612,1.51,1.07,0.14,0.14,0.11,1.75,0.04,12.82,4.42,0.11),(22,'es La Liga',760,1.22,0.87,0.17,0.17,0.13,2.59,0.12,11.61,3.74,0.09),(33,'fr Ligue 1',760,1.36,0.93,0.16,0.16,0.14,1.97,0.14,11.83,3.97,0.1),(44,'eng Premier League',760,1.36,0.98,0.14,0.14,0.11,1.76,0.06,12.69,4.16,0.1),(55,'it Serie A',760,1.38,0.9,0.19,0.19,0.14,2.36,0.12,12.84,4.17,0.1);
/*!40000 ALTER TABLE `competitions` ENABLE KEYS */;
UNLOCK TABLES;

--
-- Table structure for table `players`
--

DROP TABLE IF EXISTS `players`;
/*!40101 SET @saved_cs_client     = @@character_set_client */;
/*!50503 SET character_set_client = utf8mb4 */;
CREATE TABLE `players` (
  `Rk` int NOT NULL,
  `Player` text NOT NULL,
  `Nation` text NOT NULL,
  `Pos` text NOT NULL,
  `Squad` text NOT NULL,
  `TeamID` int NOT NULL,
  `Comp` text NOT NULL,
  `CompID` int NOT NULL,
  `Age` int NOT NULL,
  `Born` int NOT NULL,
  `MP` int NOT NULL,
  `Starts` int NOT NULL,
  `Min` int NOT NULL,
  `90s` double NOT NULL,
  `Gls` int NOT NULL,
  `Ast` int NOT NULL,
  `G+A` int NOT NULL,
  `G-PK` int NOT NULL,
  `PK` int NOT NULL,
  `PKatt` int NOT NULL,
  `CrdY` int NOT NULL,
  `CrdR` int NOT NULL,
  `xG` double NOT NULL,
  `GlsPer90` double NOT NULL,
  `AstPer90` double NOT NULL,
  `G+APer90` double NOT NULL,
  PRIMARY KEY (`Rk`),
  KEY `CompetitionsID_idx` (`CompID`),
  KEY `TeamID_idx` (`TeamID`),
  CONSTRAINT `CompetitionsID` FOREIGN KEY (`CompID`) REFERENCES `competitions` (`CompetitionID`),
  CONSTRAINT `TeamID` FOREIGN KEY (`TeamID`) REFERENCES `teams` (`TeamID`)
) ENGINE=InnoDB DEFAULT CHARSET=utf8mb4 COLLATE=utf8mb4_0900_ai_ci;
/*!40101 SET character_set_client = @saved_cs_client */;

--
-- Dumping data for table `players`
--

LOCK TABLES `players` WRITE;
/*!40000 ALTER TABLE `players` DISABLE KEYS */;
INSERT INTO `players` VALUES (1,'Max Aarons','eng ENG','DF','Norwich City',68,'eng Premier League',44,21,2000,34,32,2881,32,0,2,2,0,0,0,8,0,0.8,0,0.06,0.06),(2,'Yunis Abdelhamid','ma MAR','DF','Reims',75,'fr Ligue 1',33,33,1987,34,34,2983,33.1,2,0,2,2,0,0,5,1,1.2,0.06,0,0.06),(3,'Salis Abdul Samed','gh GHA','MF','Clermont Foot',24,'fr Ligue 1',33,21,2000,31,29,2462,27.4,1,0,1,1,0,0,12,3,0.7,0.04,0,0.04),(4,'Laurent Abergel','fr FRA','MF','Lorient',52,'fr Ligue 1',33,28,1993,34,34,2956,32.8,0,2,2,0,0,0,9,0,1.5,0,0.06,0.06),(5,'Charles Abi','fr FRA','FW','Saint-Étienne',78,'fr Ligue 1',33,21,2000,1,1,45,0.5,0,0,0,0,0,0,0,0,0,0,0,0),(6,'Dickson Abiama','ng NGA','FW','Greuther Fürth',37,'de Bundesliga',11,22,1998,24,5,726,8.1,0,1,1,0,0,0,3,0,1.8,0,0.12,0.12),(7,'Matthis Abline','fr FRA','FW','Rennes',76,'fr Ligue 1',33,18,2003,7,1,103,1.1,0,0,0,0,0,0,0,0,0.3,0,0,0),(8,'Tammy Abraham','eng ENG','FW','Roma',77,'it Serie A',55,23,1997,37,36,3084,34.3,17,4,21,14,3,3,9,0,20.7,0.5,0.12,0.61),(9,'Luis Abram','pe PER','DF','Granada',36,'es La Liga',22,25,1996,8,6,560,6.2,0,0,0,0,0,0,2,0,0.3,0,0,0),(10,'Francesco Acerbi','it ITA','DF','Lazio',44,'it Serie A',55,33,1988,30,29,2536,28.2,4,0,4,4,0,0,2,1,2.4,0.14,0,0.14),(11,'Ragnar Ache','de GER','MFFW','Eint Frankfurt',27,'de Bundesliga',11,23,1998,13,1,259,2.9,0,1,1,0,0,0,0,0,0.4,0,0.35,0.35),(12,'Mohamed Achi','fr FRA','MF','Nantes',64,'fr Ligue 1',33,19,2002,1,0,10,0.1,0,0,0,0,0,0,0,0,0,0,0,0),(13,'Marcos AcuĄa','ar ARG','DF','Sevilla',82,'es La Liga',22,29,1991,31,26,2260,25.1,1,3,4,1,0,0,10,0,1.2,0.04,0.12,0.16),(14,'Che Adams','sct SCO','FW','Southampton',83,'eng Premier League',44,25,1996,30,23,2039,22.7,7,3,10,7,0,0,0,0,7.1,0.31,0.13,0.44),(15,'Tyler Adams','us USA','MF','RB Leipzig',72,'de Bundesliga',11,22,1999,24,12,1351,15,0,1,1,0,0,0,5,0,0.2,0,0.07,0.07),(16,'Sargis Adamyan','am ARM','FWMF','Hoffenheim',40,'de Bundesliga',11,28,1993,13,2,331,3.7,1,0,1,1,0,0,0,0,0.7,0.27,0,0.27),(17,'Martin Adeline','fr FRA','MFFW','Reims',75,'fr Ligue 1',33,17,2003,8,2,352,3.9,0,0,0,0,0,0,1,0,0.4,0,0,0),(18,'Amine Adli','fr FRA','FWMF','Leverkusen',49,'de Bundesliga',11,21,2000,25,13,1256,14,3,2,5,3,0,0,3,0,4.3,0.21,0.14,0.36),(19,'Yacine Adli','fr FRA','MFFW','Bordeaux',15,'fr Ligue 1',33,21,2000,36,25,2260,25.1,1,7,8,1,0,0,5,0,2,0.04,0.28,0.32),(20,'Michel Aebischer','ch SUI','MF','Bologna',14,'it Serie A',55,24,1997,12,4,443,4.9,0,0,0,0,0,0,1,0,0.1,0,0,0),(21,'Felix Afena-Gyan','gh GHA','FWMF','Roma',77,'it Serie A',55,18,2003,17,6,668,7.4,2,0,2,2,0,0,5,1,1.7,0.27,0,0.27),(22,'Martin Agirregabiria','es ESP','DF','Alavés',1,'es La Liga',22,25,1996,24,17,1616,18,0,1,1,0,0,0,4,0,0.2,0,0.06,0.06),(23,'Julen Agirrezabala','es ESP','GK','Athletic Club',7,'es La Liga',22,20,2000,4,4,360,4,0,0,0,0,0,0,0,0,0,0,0,0),(24,'Lucien Agoume','fr FRA','MF','Brest',17,'fr Ligue 1',33,19,2002,27,21,1868,20.8,0,0,0,0,0,0,6,0,1.2,0,0,0),(25,'Kevin Agudelo','co COL','MFFW','Spezia',84,'it Serie A',55,22,1998,23,12,1237,13.7,3,1,4,3,0,0,2,1,2.6,0.22,0.07,0.29),(26,'Nayef Aguerd','ma MAR','DF','Rennes',76,'fr Ligue 1',33,25,1996,31,31,2735,30.4,2,2,4,2,0,0,3,1,2.1,0.07,0.07,0.13),(27,'Sergio Agüero','ar ARG','FW','Barcelona',10,'es La Liga',22,33,1988,4,2,151,1.7,1,0,1,1,0,0,0,0,1,0.6,0,0.6),(28,'Ruben Aguilar','fr FRA','DF','Monaco',62,'fr Ligue 1',33,28,1993,28,22,2140,23.8,0,2,2,0,0,0,4,0,0.3,0,0.08,0.08),(29,'?lvaro Aguirre','es ESP','FW','Rayo Vallecano',71,'es La Liga',22,21,2000,1,0,9,0.1,0,0,0,0,0,0,0,0,0,0,0,0),(30,'Naouirou Ahamada','fr FRA','MFDF','Stuttgart',86,'de Bundesliga',11,19,2002,3,0,61,0.7,0,0,0,0,0,0,0,0,0,0,0,0),(31,'Anel Ahmedhodzic','ba BIH','DF','Bordeaux',15,'fr Ligue 1',33,22,1999,15,15,1350,15,0,1,1,0,0,0,6,0,0.4,0,0.07,0.07),(32,'Jean-Eudes Aholou','ci CIV','MF','Strasbourg',85,'fr Ligue 1',33,27,1994,25,11,1004,11.2,1,1,2,1,0,0,2,0,1.9,0.09,0.09,0.18),(33,'Joseph Aidoo','gh GHA','DF','Celta Vigo',22,'es La Liga',22,25,1995,32,30,2637,29.3,0,0,0,0,0,0,1,0,0.3,0,0,0),(34,'Ola Aina','ng NGA','DF','Torino',87,'it Serie A',55,24,1996,21,17,1437,16,0,0,0,0,0,0,4,0,0.2,0,0,0),(35,'Rayan Aőt Nouri','fr FRA','DFMF','Wolves',98,'eng Premier League',44,20,2001,23,20,1828,20.3,1,2,3,1,0,0,4,0,0.6,0.05,0.1,0.15),(36,'Kristoffer Ajer','no NOR','DF','Brentford',16,'eng Premier League',44,23,1998,24,23,1995,22.2,1,3,4,1,0,0,5,0,0.8,0.05,0.14,0.18),(37,'Ludovic Ajorque','fr FRA','FW','Strasbourg',85,'fr Ligue 1',33,27,1994,36,31,2738,30.4,12,8,20,9,3,3,5,1,10.6,0.39,0.26,0.66),(38,'Manuel Akanji','ch SUI','DF','Dortmund',26,'de Bundesliga',11,26,1995,26,25,2261,25.1,1,0,1,1,0,0,3,0,1.9,0.04,0,0.04),(39,'Carlos Akapo','gq EQG','DF','Cádiz',20,'es La Liga',22,28,1993,25,21,1844,20.5,0,0,0,0,0,0,4,0,0.5,0,0,0),(40,'Marley Aké','fr FRA','FWMF','Juventus',42,'it Serie A',55,20,2001,4,0,77,0.9,0,0,0,0,0,0,1,0,0,0,0,0),(41,'Nathan Aké','nl NED','DF','Manchester City',56,'eng Premier League',44,26,1995,14,10,923,10.3,2,0,2,2,0,0,0,0,0.7,0.2,0,0.2),(42,'Ilias Akhomach','es ESP','FW','Barcelona',10,'es La Liga',22,17,2004,2,2,124,1.4,0,0,0,0,0,0,0,0,0.1,0,0,0),(43,'Maghnes Akliouche','fr FRA','MFFW','Monaco',62,'fr Ligue 1',33,19,2002,7,0,54,0.6,0,0,0,0,0,0,1,0,0.1,0,0,0),(44,'Paul Akouokou','ci CIV','MF','Betis',12,'es La Liga',22,23,1997,8,6,516,5.7,0,0,0,0,0,0,2,1,0,0,0,0),(45,'Jean-Daniel Akpa-Akpro','ci CIV','MF','Lazio',44,'it Serie A',55,28,1992,10,4,315,3.5,0,0,0,0,0,0,1,0,0.1,0,0,0),(46,'Kevin Akpoguma','ng NGA','DFFW','Hoffenheim',40,'de Bundesliga',11,26,1995,26,19,1527,17,2,2,4,2,0,0,5,0,1.2,0.12,0.12,0.24),(47,'David Alaba','at AUT','DF','Real Madrid',73,'es La Liga',22,29,1992,30,30,2642,29.4,2,3,5,2,0,0,2,0,1.6,0.07,0.1,0.17),(48,'Sofiane Alakouch','ma MAR','DFMF','Metz',59,'fr Ligue 1',33,23,1998,4,0,158,1.8,0,0,0,0,0,0,1,0,0,0,0,0),(49,'Tomás Alarcón','cl CHI','MF','Cádiz',20,'es La Liga',22,22,1999,23,16,1425,15.8,0,1,1,0,0,0,5,0,1.1,0,0.06,0.06),(50,'Lucas Alario','ar ARG','FW','Leverkusen',49,'de Bundesliga',11,28,1992,27,5,655,7.3,6,0,6,6,0,1,2,0,6,0.82,0,0.82),(51,'Jordi Alba','es ESP','DF','Barcelona',10,'es La Liga',22,32,1989,30,30,2644,29.4,2,10,12,2,0,0,11,0,1.5,0.07,0.34,0.41),(52,'Josué Albert','gf GUF','DF','Clermont Foot',24,'fr Ligue 1',33,29,1992,2,0,22,0.2,0,0,0,0,0,0,0,0,0,0,0,0),(53,'Luis Alberto','es ESP','MF','Lazio',44,'it Serie A',55,28,1992,34,27,2353,26.1,5,9,14,5,0,0,5,0,3.3,0.19,0.34,0.54),(54,'Raúl Albiol','es ESP','DF','Villarreal',94,'es La Liga',22,35,1985,28,28,2465,27.4,0,0,0,0,0,0,8,0,0.4,0,0,0),(55,'Marc Albrighton','eng ENG','FWDF','Leicester City',46,'eng Premier League',44,31,1989,17,11,1132,12.6,1,2,3,1,0,0,3,0,0.5,0.08,0.16,0.24),(56,'Paco Alcácer','es ESP','FW','Villarreal',94,'es La Liga',22,27,1993,18,10,787,8.7,1,3,4,1,0,0,1,0,3.9,0.11,0.34,0.46),(57,'Thiago Alcántara','es ESP','MF','Liverpool',51,'eng Premier League',44,30,1991,25,17,1534,17,1,4,5,1,0,0,2,0,1.9,0.06,0.23,0.29),(58,'Rubén Alcaraz','es ESP','MF','Cádiz',20,'es La Liga',22,30,1991,14,12,1105,12.3,2,0,2,2,0,0,7,0,1.3,0.16,0,0.16),(59,'Omar Alderete','py PAR','DF','Valencia',92,'es La Liga',22,24,1996,29,28,2403,26.7,2,0,2,2,0,0,15,0,0.8,0.07,0,0.07),(60,'Iván Alejo','es ESP','MFFW','Cádiz',20,'es La Liga',22,26,1995,20,11,1065,11.8,2,2,4,2,0,0,7,0,1.4,0.17,0.17,0.34),(61,'Do?an Alemdar','tr TUR','GK','Rennes',76,'fr Ligue 1',33,18,2002,12,12,1080,12,0,0,0,0,0,0,1,0,0,0,0,0),(62,'Carles AleĄá','es ESP','MF','Getafe',35,'es La Liga',22,23,1998,33,30,2320,25.8,1,2,3,1,0,0,6,1,1.8,0.04,0.08,0.12),(63,'Trent Alexander-Arnold','eng ENG','DF','Liverpool',51,'eng Premier League',44,22,1998,32,32,2853,31.7,2,12,14,2,0,0,2,0,2.4,0.06,0.38,0.44),(64,'Mircea Alexandru Tirlea','ro ROU','DF','Alavés',1,'es La Liga',22,21,2000,1,0,15,0.2,0,0,0,0,0,0,0,0,0,0,0,0),(65,'Mohamed Ali Cho','fr FRA','FW','Angers',2,'fr Ligue 1',33,17,2004,32,21,1837,20.4,4,1,5,4,0,0,6,2,6.4,0.2,0.05,0.24),(66,'Alisson','br BRA','GK','Liverpool',51,'eng Premier League',44,28,1992,36,36,3240,36,0,1,1,0,0,0,0,0,0,0,0.03,0.03),(67,'Allan','br BRA','MF','Everton',31,'eng Premier League',44,30,1991,28,25,2183,24.3,0,2,2,0,0,0,7,1,0.2,0,0.08,0.08),(68,'Jim Allevinah','ga GAB','FW','Clermont Foot',24,'fr Ligue 1',33,26,1995,30,13,1488,16.5,1,2,3,1,0,0,1,0,2.8,0.06,0.12,0.18),(69,'Dele Alli','eng ENG','MF','Tottenham',88,'eng Premier League',44,25,1996,10,8,657,7.3,1,0,1,0,1,1,1,0,1.6,0.14,0,0.14),(70,'Dele Alli','eng ENG','MFFW','Everton',31,'eng Premier League',44,25,1996,11,1,338,3.8,0,0,0,0,0,0,3,0,0.1,0,0,0),(71,'Miguel Almirón','py PAR','MFFW','Newcastle Utd',66,'eng Premier League',44,27,1994,30,19,1716,19.1,1,0,1,1,0,0,2,0,1.7,0.05,0,0.05),(72,'Marcos Alonso','es ESP','DF','Chelsea',23,'eng Premier League',44,30,1990,28,25,2167,24.1,4,4,8,4,0,0,8,0,2.8,0.17,0.17,0.33),(73,'Giorgio Altare','it ITA','DF','Cagliari',21,'it Serie A',55,22,1998,19,17,1466,16.3,1,0,1,1,0,0,5,0,1,0.06,0,0.06),(74,'Hugo ?lvarez','es ESP','FW','Celta Vigo',22,'es La Liga',22,18,2003,1,0,11,0.1,0,0,0,0,0,0,0,0,0.2,0,0,0),(75,'Yeray ?lvarez','es ESP','DF','Athletic Club',7,'es La Liga',22,26,1995,22,21,1860,20.7,0,0,0,0,0,0,6,0,0.5,0,0,0),(76,'Dani Alves','br BRA','DF','Barcelona',10,'es La Liga',22,38,1983,14,13,1098,12.2,1,3,4,1,0,0,2,1,0.3,0.08,0.25,0.33),(77,'Steven Alzate','co COL','MF','Brighton',18,'eng Premier League',44,22,1998,9,5,404,4.5,0,0,0,0,0,0,0,0,0.1,0,0,0),(78,'Ibrahim Amadou','fr FRA','DFMF','Metz',59,'fr Ligue 1',33,28,1993,10,10,812,9,1,0,1,1,0,0,4,0,0.4,0.11,0,0.11),(79,'Emmanuel Amankwaa Akurugu','gh GHA','DF','Getafe',35,'es La Liga',22,19,2001,3,1,79,0.9,0,1,1,0,0,0,0,0,0,0,1.14,1.14),(80,'Daniel Amartey','gh GHA','DF','Leicester City',46,'eng Premier League',44,26,1994,28,23,2123,23.6,0,0,0,0,0,0,4,0,0,0,0,0),(81,'Amath','sn SEN','FWMF','Mallorca',55,'es La Liga',22,25,1996,19,9,884,9.8,0,1,1,0,0,0,5,0,1.4,0,0.1,0.1),(82,'Jordan Amavi','fr FRA','DF','Nice',67,'fr Ligue 1',33,27,1994,8,4,413,4.6,0,0,0,0,0,0,1,0,0,0,0,0),(83,'Jordan Amavi','fr FRA','DFFW','Marseille',58,'fr Ligue 1',33,27,1994,2,2,128,1.4,0,0,0,0,0,0,0,0,0,0,0,0),(84,'Wisdom Amey','it ITA','DF','Bologna',14,'it Serie A',55,15,2005,1,1,71,0.8,0,0,0,0,0,0,0,0,0,0,0,0),(85,'Kelvin Amian','fr FRA','DF','Spezia',84,'it Serie A',55,23,1998,32,31,2646,29.4,1,1,2,1,0,0,9,2,2.6,0.03,0.03,0.07),(86,'Nadiem Amiri','de GER','MFFW','Genoa',34,'it Serie A',55,24,1996,13,9,683,7.6,0,1,1,0,0,0,0,0,0.9,0,0.13,0.13),(87,'Nadiem Amiri','de GER','MFFW','Leverkusen',49,'de Bundesliga',11,24,1996,13,3,369,4.1,1,0,1,1,0,0,0,0,0.5,0.24,0,0.24),(88,'Ethan Ampadu','wls WAL','MFDF','Venezia',93,'it Serie A',55,20,2000,29,26,2282,25.4,0,3,3,0,0,0,13,2,0.3,0,0.12,0.12),(89,'Sofyan Amrabat','ma MAR','MF','Fiorentina',32,'it Serie A',55,24,1996,23,8,944,10.5,1,0,1,1,0,0,6,0,0.1,0.1,0,0.1),(90,'Joachim Andersen','dk DEN','DF','Crystal Palace',25,'eng Premier League',44,25,1996,34,32,2916,32.4,0,3,3,0,0,0,4,0,0.7,0,0.09,0.09),(91,'Felipe Anderson','br BRA','FW','Lazio',44,'it Serie A',55,28,1993,38,33,2888,32.1,6,8,14,6,0,0,2,0,6.2,0.19,0.25,0.44),(92,'Sebastian Andersson','se SWE','FW','Köln',43,'de Bundesliga',11,30,1991,26,13,1257,14,3,1,4,3,0,0,3,0,4.5,0.21,0.07,0.29),(93,'Florin Andone','ro ROU','FW','Cádiz',20,'es La Liga',22,28,1993,5,1,176,2,0,0,0,0,0,0,1,0,0.2,0,0,0),(94,'Andrés Andrade CedeĄo','pa PAN','DF','Arminia',3,'de Bundesliga',11,22,1998,17,12,1046,11.6,0,0,0,0,0,0,4,0,0.3,0,0,0),(95,'Benjamin André','fr FRA','MF','Lille',50,'fr Ligue 1',33,30,1990,33,33,2752,30.6,2,1,3,2,0,0,12,1,1.4,0.07,0.03,0.1),(96,'Fredrik André Bj?rkan','no NOR','DF','Hertha BSC',39,'de Bundesliga',11,22,1998,9,2,353,3.9,0,0,0,0,0,0,1,0,0,0,0,0),(97,'Robert Andrich','de GER','MF','Leverkusen',49,'de Bundesliga',11,26,1994,26,21,1817,20.2,4,2,6,4,0,0,5,1,3.2,0.2,0.1,0.3),(98,'José ?ngel','es ESP','DF','Osasuna',69,'es La Liga',22,31,1989,23,12,1083,12,1,1,2,1,0,0,2,1,0.2,0.08,0.08,0.17),(99,'AngeliĄo','es ESP','DF','RB Leipzig',72,'de Bundesliga',11,24,1997,29,26,2298,25.5,2,5,7,2,0,0,3,0,1.2,0.08,0.2,0.27),(100,'Ebenezer Annan','gh GHA','DF','Bologna',14,'it Serie A',55,18,2002,1,0,25,0.3,0,0,0,0,0,0,0,0,0,0,0,0),(101,'Cristian Ansaldi','ar ARG','DF','Torino',87,'it Serie A',55,34,1986,19,5,691,7.7,0,3,3,0,0,0,2,0,0.3,0,0.39,0.39),(102,'Janis Antiste','fr FRA','FW','Spezia',84,'it Serie A',55,18,2002,18,9,796,8.8,1,0,1,1,0,0,0,0,1.4,0.11,0,0.11),(103,'Waldemar Anton','de GER','DF','Stuttgart',86,'de Bundesliga',11,25,1996,29,29,2595,28.8,2,1,3,2,0,0,6,1,2.1,0.07,0.03,0.1),(104,'Josep Antoni Gayá','es ESP','DF','Mallorca',55,'es La Liga',22,21,2000,1,1,58,0.6,0,0,0,0,0,0,0,0,0,0,0,0),(105,'Michail Antonio','jm JAM','FW','West Ham',96,'eng Premier League',44,31,1990,36,34,2971,33,10,8,18,10,0,1,8,1,10.8,0.3,0.24,0.55),(106,'Christopher Antwi-Adjei','gh GHA','FWMF','Bochum',13,'de Bundesliga',11,27,1994,25,12,1130,12.6,1,1,2,1,0,0,2,0,2,0.08,0.08,0.16),(107,'Houssem Aouar','fr FRA','MFFW','Lyon',53,'fr Ligue 1',33,23,1998,36,29,2504,27.8,6,4,10,6,0,0,1,0,6.3,0.22,0.14,0.36),(108,'Adil Aouchiche','fr FRA','MFFW','Saint-Étienne',78,'fr Ligue 1',33,19,2002,35,11,1081,12,0,4,4,0,0,0,2,0,1.2,0,0.33,0.33),(109,'Dennis Appiah','fr FRA','DF','Nantes',64,'fr Ligue 1',33,29,1992,32,22,2099,23.3,0,0,0,0,0,0,4,0,0,0,0,0),(110,'Mauro Arambarri','uy URU','MF','Getafe',35,'es La Liga',22,25,1995,31,31,2663,29.6,0,5,5,0,0,0,13,0,1.2,0,0.17,0.17),(111,'Mattia Aramu','it ITA','MFFW','Venezia',93,'it Serie A',55,26,1995,32,25,2100,23.3,7,5,12,4,3,4,6,0,6.8,0.3,0.21,0.51),(112,'Charles Aránguiz','cl CHI','MF','Leverkusen',49,'de Bundesliga',11,32,1989,26,16,1578,17.5,1,4,5,1,0,0,2,0,1.6,0.06,0.23,0.29),(113,'Néstor Araujo','mx MEX','DF','Celta Vigo',22,'es La Liga',22,29,1991,34,29,2617,29.1,0,0,0,0,0,0,4,0,0.3,0,0,0),(114,'Ronald Araújo','uy URU','DF','Barcelona',10,'es La Liga',22,22,1999,30,25,2272,25.2,4,0,4,4,0,0,6,0,1.5,0.16,0,0.16),(115,'Cameron Archer','eng ENG','FWMF','Aston Villa',5,'eng Premier League',44,20,2001,3,0,27,0.3,0,0,0,0,0,0,0,0,0,0,0,0),(116,'Alphonse Areola','fr FRA','GK','West Ham',96,'eng Premier League',44,28,1993,1,1,90,1,0,0,0,0,0,0,0,0,0,0,0,0),(117,'Jesús Areso','es ESP','DF','Osasuna',69,'es La Liga',22,22,1999,3,2,188,2.1,0,0,0,0,0,0,1,0,0,0,0,0),(118,'Matias Arezo','uy URU','FWMF','Granada',36,'es La Liga',22,18,2002,8,1,162,1.8,0,0,0,0,0,0,1,0,1,0,0,0),(119,'Santiago Arias','co COL','DF','Granada',36,'es La Liga',22,29,1992,12,4,440,4.9,1,0,1,1,0,0,1,0,0.7,0.2,0,0.2),(120,'Adam Armstrong','eng ENG','FW','Southampton',83,'eng Premier League',44,24,1997,23,17,1413,15.7,2,2,4,2,0,0,1,0,4.5,0.13,0.13,0.25),(121,'Stuart Armstrong','sct SCO','MF','Southampton',83,'eng Premier League',44,29,1992,25,15,1473,16.4,2,0,2,2,0,0,1,0,2.5,0.12,0,0.12),(122,'Marko Arnautovi?','at AUT','FW','Bologna',14,'it Serie A',55,32,1989,33,32,2694,29.9,14,1,15,12,2,3,6,0,14.7,0.47,0.03,0.5),(123,'Maximilian Arnold','de GER','MF','Wolfsburg',97,'de Bundesliga',11,27,1994,34,34,2994,33.3,4,2,6,4,0,0,4,0,1.7,0.12,0.06,0.18),(124,'Kepa Arrizabalaga','es ESP','GK','Chelsea',23,'eng Premier League',44,26,1994,4,4,360,4,0,0,0,0,0,0,0,0,0,0,0,0),(125,'Tolgay Arslan','de GER','MF','Udinese',90,'it Serie A',55,30,1990,30,22,1658,18.4,1,0,1,1,0,0,9,0,1.2,0.05,0,0.05),(126,'Arthur','br BRA','FW','Fiorentina',32,'it Serie A',55,23,1998,14,8,749,8.3,2,2,4,2,0,0,1,0,4.2,0.24,0.24,0.48),(127,'Santiago Arzamendia','py PAR','MF','Cádiz',20,'es La Liga',22,23,1998,14,5,469,5.2,1,0,1,1,0,0,2,0,0.2,0.19,0,0.19),(128,'Takuma Asano','jp JPN','FWMF','Bochum',13,'de Bundesliga',11,26,1994,27,20,1608,17.9,3,4,7,3,0,0,1,0,3.7,0.17,0.22,0.39),(129,'Santiago Ascacíbar','ar ARG','MF','Hertha BSC',39,'de Bundesliga',11,24,1997,28,27,2375,26.4,0,1,1,0,0,0,5,0,0.9,0,0.04,0.04),(130,'Sergio Asenjo','es ESP','GK','Villarreal',94,'es La Liga',22,32,1989,6,6,540,6,0,0,0,0,0,0,1,0,0,0,0,0),(131,'Alejandro Asensio','es ESP','FW','Rayo Vallecano',71,'es La Liga',22,20,2000,2,0,12,0.1,0,0,0,0,0,0,0,0,0,0,0,0),(132,'Marco Asensio','es ESP','FWMF','Real Madrid',73,'es La Liga',22,25,1996,31,19,1731,19.2,10,0,10,10,0,0,2,0,7.5,0.52,0,0.52),(133,'Harrison Ashby','sct SCO','DF','West Ham',96,'eng Premier League',44,19,2001,1,0,7,0.1,0,0,0,0,0,0,0,0,0,0,0,0),(134,'Kristoffer Askildsen','no NOR','MF','Sampdoria',80,'it Serie A',55,20,2001,19,7,754,8.4,0,0,0,0,0,0,5,0,0.4,0,0,0),(135,'Fisnik Asllani','xk KVX','MFFW','Hoffenheim',40,'de Bundesliga',11,18,2002,2,0,9,0.1,0,0,0,0,0,0,0,0,0,0,0,0),(136,'Kristjan Asllani','al ALB','MF','Empoli',29,'it Serie A',55,19,2002,23,14,1353,15,1,1,2,1,0,0,2,0,0.8,0.07,0.07,0.13),(137,'Iago Aspas','es ESP','FW','Celta Vigo',22,'es La Liga',22,33,1987,37,36,3087,34.3,18,5,23,15,3,5,9,0,14.1,0.52,0.15,0.67),(138,'Lorenz Assignon','tg TOG','DF','Rennes',76,'fr Ligue 1',33,21,2000,20,5,616,6.8,0,2,2,0,0,0,0,0,0.7,0,0.29,0.29),(139,'Simon Asta','de GER','DF','Greuther Fürth',37,'de Bundesliga',11,20,2001,13,9,783,8.7,0,0,0,0,0,0,1,0,0.2,0,0,0),(140,'Youcef Atal','dz ALG','DF','Nice',67,'fr Ligue 1',33,25,1996,17,13,1140,12.7,2,1,3,2,0,0,4,0,0.9,0.16,0.08,0.24),(141,'Pierre-Emerick Aubameyang','ga GAB','FW','Arsenal',4,'eng Premier League',44,32,1989,14,12,1037,11.5,4,1,5,4,0,2,3,0,5.9,0.35,0.09,0.43),(142,'Pierre-Emerick Aubameyang','ga GAB','FW','Barcelona',10,'es La Liga',22,32,1989,17,13,1082,12,11,1,12,11,0,0,0,0,7.8,0.91,0.08,1),(143,'Emil Audero','it ITA','GK','Sampdoria',80,'it Serie A',55,24,1997,29,29,2560,28.4,0,0,0,0,0,0,2,0,0,0,0,0),(144,'Tommaso Augello','it ITA','DF','Sampdoria',80,'it Serie A',55,26,1994,36,25,2395,26.6,1,1,2,1,0,0,0,0,0.4,0.04,0.04,0.08),(145,'Jean-Kévin Augustin','fr FRA','FWMF','Nantes',64,'fr Ligue 1',33,24,1997,7,0,84,0.9,0,0,0,0,0,0,1,0,0.1,0,0,0),(146,'Ludwig Augustinsson','se SWE','DFFW','Sevilla',82,'es La Liga',22,27,1994,19,9,793,8.8,0,1,1,0,0,0,3,0,0.4,0,0.11,0.11),(147,'Serge Aurier','ci CIV','DF','Villarreal',94,'es La Liga',22,28,1992,19,10,1010,11.2,0,1,1,0,0,0,4,0,0.8,0,0.09,0.09),(148,'Ezequiel ?vila','ar ARG','FWMF','Osasuna',69,'es La Liga',22,27,1994,36,22,1870,20.8,6,1,7,5,1,1,9,1,4.3,0.29,0.05,0.34),(149,'Taiwo Awoniyi','ng NGA','FW','Union Berlin',91,'de Bundesliga',11,23,1997,31,29,2174,24.2,15,1,16,13,2,2,1,0,13.6,0.62,0.04,0.66),(150,'Ramzi Aya','it ITA','DF','Salernitana',79,'it Serie A',55,30,1990,2,2,135,1.5,0,0,0,0,0,0,1,0,0,0,0,0),(151,'Jordan Ayew','gh GHA','FW','Crystal Palace',25,'eng Premier League',44,29,1991,31,23,2019,22.4,3,3,6,3,0,0,2,0,3.1,0.13,0.13,0.27),(152,'Kaan Ayhan','tr TUR','DF','Sassuolo',81,'it Serie A',55,26,1994,23,14,1354,15,1,0,1,1,0,0,2,1,0.3,0.07,0,0.07),(153,'Luke Ayling','eng ENG','DF','Leeds United',45,'eng Premier League',44,29,1991,26,26,2272,25.2,2,2,4,2,0,0,4,1,1.2,0.08,0.08,0.16),(154,'Karim Azamoum','fr FRA','DF','Troyes',89,'fr Ligue 1',33,31,1990,7,4,388,4.3,0,0,0,0,0,0,2,0,0.1,0,0,0),(155,'Sardar Azmoun','ir IRN','FWMF','Leverkusen',49,'de Bundesliga',11,26,1995,9,4,359,4,1,1,2,1,0,0,0,0,2.9,0.25,0.25,0.5),(156,'César Azpilicueta','es ESP','DF','Chelsea',23,'eng Premier League',44,31,1989,27,24,2070,23,1,2,3,1,0,0,3,0,0.9,0.04,0.09,0.13),(157,'Iddrisu Baba','gh GHA','MF','Mallorca',55,'es La Liga',22,25,1996,26,23,1934,21.5,1,0,1,1,0,0,9,0,1.4,0.05,0,0.05),(158,'Carlos Bacca','co COL','FW','Granada',36,'es La Liga',22,34,1986,17,4,513,5.7,0,1,1,0,0,0,3,0,0.9,0,0.18,0.18),(159,'Daniel Bachmann','at AUT','GK','Watford',95,'eng Premier League',44,27,1994,12,12,1080,12,0,0,0,0,0,0,0,0,0,0,0,0),(160,'Loőc Bade','fr FRA','DF','Rennes',76,'fr Ligue 1',33,21,2000,14,11,985,10.9,0,1,1,0,0,0,3,1,0.3,0,0.09,0.09),(161,'Milan Badelj','hr CRO','MF','Genoa',34,'it Serie A',55,32,1989,34,34,2844,31.6,1,0,1,1,0,0,4,0,1,0.03,0,0.03),(162,'Édgar Badía','es ESP','GK','Elche',28,'es La Liga',22,29,1992,24,24,2160,24,0,0,0,0,0,0,2,0,0,0,0,0),(163,'Benoît Badiashile','fr FRA','DF','Monaco',62,'fr Ligue 1',33,20,2001,24,21,1838,20.4,1,0,1,1,0,0,4,0,1.6,0.05,0,0.05),(164,'Youssouph Badji','sn SEN','FWMF','Brest',17,'fr Ligue 1',33,19,2001,9,1,135,1.5,0,0,0,0,0,0,0,0,0.1,0,0,0),(165,'Miguel Baeza','es ESP','DF','Celta Vigo',22,'es La Liga',22,21,2000,1,0,2,0,0,0,0,0,0,0,0,0,0,0,0,0),(166,'Nicola Bagnolini','it ITA','GK','Bologna',14,'it Serie A',55,17,2004,1,0,3,0,0,0,0,0,0,0,0,0,0,0,0,0),(167,'Issa Bah','lu LUX','FW','Venezia',93,'it Serie A',55,19,2002,1,0,9,0.1,0,0,0,0,0,0,0,0,0,0,0,0),(168,'Stéphane Bahoken','cm CMR','FW','Angers',2,'fr Ligue 1',33,29,1992,29,12,1099,12.2,3,1,4,3,0,0,0,0,4.1,0.25,0.08,0.33),(169,'Leon Bailey','jm JAM','FWMF','Aston Villa',5,'eng Premier League',44,23,1997,18,7,761,8.5,1,2,3,1,0,0,3,0,1.5,0.12,0.24,0.35),(170,'Eric Bailly','ci CIV','DF','Manchester Utd',57,'eng Premier League',44,27,1994,4,3,217,2.4,0,0,0,0,0,0,1,0,0,0,0,0),(171,'Dénys Bain','fr FRA','DF','Brest',17,'fr Ligue 1',33,28,1993,2,2,180,2,0,0,0,0,0,0,0,0,0,0,0,0),(172,'Stefan Bajic','fr FRA','GK','Saint-Étienne',78,'fr Ligue 1',33,19,2001,7,4,510,5.7,0,0,0,0,0,0,0,0,0,0,0,0),(173,'Nedim Bajrami','al ALB','MFFW','Empoli',29,'it Serie A',55,22,1999,35,23,2054,22.8,6,5,11,3,3,3,3,0,6.4,0.26,0.22,0.48),(174,'Cédric Bakambu','cd COD','FW','Marseille',58,'fr Ligue 1',33,30,1991,12,5,356,4,4,0,4,4,0,0,1,0,2.6,1.01,0,1.01),(175,'Abdoulaye Bakayoko','fr FRA','DF','Saint-Étienne',78,'fr Ligue 1',33,18,2002,4,4,307,3.4,0,0,0,0,0,0,0,0,0,0,0,0),(176,'Tiemoué Bakayoko','fr FRA','MF','Milan',61,'it Serie A',55,26,1994,14,5,501,5.6,0,0,0,0,0,0,3,0,0.3,0,0,0),(177,'Mitchel Bakker','nl NED','DF','Leverkusen',49,'de Bundesliga',11,21,2000,25,19,1822,20.2,1,4,5,1,0,0,6,0,0.4,0.05,0.2,0.25),(178,'Ridle Baku','de GER','DFFW','Wolfsburg',97,'de Bundesliga',11,23,1998,34,28,2446,27.2,3,5,8,3,0,0,4,0,1.8,0.11,0.18,0.29),(179,'Dilane Bakwa','fr FRA','FWMF','Bordeaux',15,'fr Ligue 1',33,18,2002,5,0,43,0.5,0,0,0,0,0,0,0,0,0.1,0,0,0),(180,'Tommaso Baldanzi','it ITA','FW','Empoli',29,'it Serie A',55,18,2003,1,0,18,0.2,0,0,0,0,0,0,0,0,0,0,0,0),(181,'Alejandro Balde','es ESP','DFFW','Barcelona',10,'es La Liga',22,17,2003,5,2,188,2.1,0,0,0,0,0,0,0,0,0,0,0,0),(182,'Ibrahima Baldé','fr FRA','FWMF','Lens',47,'fr Ligue 1',33,18,2003,4,0,58,0.6,0,0,0,0,0,0,0,0,0,0,0,0),(183,'Keita Baldé','sn SEN','FW','Cagliari',21,'it Serie A',55,26,1995,26,14,1229,13.7,3,1,4,3,0,0,2,0,3.5,0.22,0.07,0.29),(184,'Gareth Bale','wls WAL','FW','Real Madrid',73,'es La Liga',22,32,1989,5,4,280,3.1,1,0,1,1,0,0,2,0,1.2,0.32,0,0.32),(185,'Mikel Balenziaga','es ESP','DF','Athletic Club',7,'es La Liga',22,33,1988,26,23,2027,22.5,0,0,0,0,0,0,2,0,0.1,0,0,0),(186,'Leonardo Balerdi','ar ARG','DF','Marseille',58,'fr Ligue 1',33,22,1999,17,10,950,10.6,0,0,0,0,0,0,4,1,0.1,0,0,0),(187,'Iván Balliu','al ALB','DF','Rayo Vallecano',71,'es La Liga',22,29,1992,35,35,3147,35,1,2,3,1,0,0,10,1,0.9,0.03,0.06,0.09),(188,'Fodé Ballo-Touré','sn SEN','DF','Milan',61,'it Serie A',55,24,1997,10,5,446,5,0,0,0,0,0,0,2,0,0.3,0,0,0),(189,'Folarin Balogun','eng ENG','FW','Arsenal',4,'eng Premier League',44,20,2001,2,1,70,0.8,0,0,0,0,0,0,0,0,0.2,0,0,0),(190,'Abdoulaye Bamba','ci CIV','DFFW','Angers',2,'fr Ligue 1',33,31,1990,10,4,458,5.1,0,0,0,0,0,0,1,0,0.2,0,0,0),(191,'Jonathan Bamba','fr FRA','MFFW','Lille',50,'fr Ligue 1',33,25,1996,31,28,2428,27,1,2,3,1,0,0,3,0,3,0.04,0.07,0.11),(192,'Patrick Bamford','eng ENG','FW','Leeds United',45,'eng Premier League',44,27,1993,9,7,559,6.2,2,2,4,2,0,0,2,0,3,0.32,0.32,0.64),(193,'Filippo Bandinelli','it ITA','MF','Empoli',29,'it Serie A',55,26,1995,35,24,1955,21.7,2,3,5,2,0,0,10,0,2.2,0.09,0.14,0.23),(194,'Mattia Bani','it ITA','DF','Genoa',34,'it Serie A',55,27,1993,17,13,1211,13.5,0,0,0,0,0,0,1,0,1.1,0,0,0),(195,'Simon Banza','fr FRA','FW','Lens',47,'fr Ligue 1',33,24,1996,4,1,124,1.4,1,1,2,1,0,0,0,0,1,0.73,0.73,1.45),(196,'Shandon Baptiste','gd GRN','MF','Brentford',16,'eng Premier League',44,23,1998,22,9,910,10.1,1,0,1,1,0,0,2,1,0.7,0.1,0,0.1),(197,'Antonín Barák','cz CZE','MFFW','Hellas Verona',38,'it Serie A',55,26,1994,29,27,2340,26,11,4,15,7,4,4,4,0,8.9,0.42,0.15,0.58),(198,'Barbero','es ESP','FWMF','Osasuna',69,'es La Liga',22,22,1998,6,0,21,0.2,0,0,0,0,0,0,0,0,0,0,0,0),(199,'Danilo Barbosa','br BRA','DF','Nice',67,'fr Ligue 1',33,25,1996,1,1,90,1,0,0,0,0,0,0,0,0,0,0,0,0),(200,'Barcia','es ESP','DF','Granada',36,'es La Liga',22,20,2000,1,1,75,0.8,0,0,0,0,0,0,0,0,0,0,0,0),(201,'Bradley Barcola','fr FRA','FWMF','Lyon',53,'fr Ligue 1',33,18,2002,11,2,263,2.9,0,1,1,0,0,0,0,0,0.3,0,0.34,0.34),(202,'Melvin Bard','fr FRA','DF','Nice',67,'fr Ligue 1',33,20,2000,33,30,2589,28.8,2,2,4,2,0,0,3,0,0.9,0.07,0.07,0.14),(203,'Enis Bardhi','mk MKD','MFFW','Levante',48,'es La Liga',22,26,1995,30,17,1701,18.9,3,3,6,1,2,2,3,0,3.9,0.16,0.16,0.32),(204,'Francesco Bardi','it ITA','GK','Bologna',14,'it Serie A',55,29,1992,2,2,177,2,0,0,0,0,0,0,0,0,0,0,0,0),(205,'Keidi Bare','al ALB','MF','Espanyol',30,'es La Liga',22,23,1997,25,18,1481,16.5,1,1,2,1,0,0,9,0,0.3,0.06,0.06,0.12),(206,'NicolĽ Barella','it ITA','MF','Inter',41,'it Serie A',55,24,1997,36,36,2913,32.4,3,11,14,3,0,0,9,0,4.7,0.09,0.34,0.43),(207,'Kike Barja','es ESP','MFFW','Osasuna',69,'es La Liga',22,24,1997,21,9,865,9.6,2,0,2,2,0,0,2,0,1.5,0.21,0,0.21),(208,'Ross Barkley','eng ENG','MFFW','Chelsea',23,'eng Premier League',44,27,1993,6,1,179,2,1,0,1,1,0,0,0,0,1,0.5,0,0.5),(209,'Aymen Barkok','ma MAR','MFDF','Eint Frankfurt',27,'de Bundesliga',11,23,1998,5,2,160,1.8,0,0,0,0,0,0,0,0,0,0,0,0),(210,'Ashley Barnes','eng ENG','FW','Burnley',19,'eng Premier League',44,31,1989,23,8,808,9,1,0,1,0,1,1,4,0,2.1,0.11,0,0.11),(211,'Harvey Barnes','eng ENG','FWMF','Leicester City',46,'eng Premier League',44,23,1997,32,24,2101,23.3,6,10,16,6,0,0,2,0,5.6,0.26,0.43,0.69),(212,'Antonio Barragán','es ESP','DF','Elche',28,'es La Liga',22,34,1987,16,12,1020,11.3,0,0,0,0,0,0,5,0,0,0,0,0),(213,'Leandro Barreiro Martins','lu LUX','MF','Mainz 05',54,'de Bundesliga',11,21,2000,31,20,1789,19.9,1,2,3,1,0,0,3,0,2.5,0.05,0.1,0.15),(214,'Ander Barrenetxea','es ESP','FWMF','Real Sociedad',74,'es La Liga',22,19,2001,11,6,547,6.1,1,1,2,1,0,0,0,0,0.5,0.16,0.16,0.33),(215,'Jacob Barrett Laursen','dk DEN','DF','Arminia',3,'de Bundesliga',11,26,1994,24,20,1632,18.1,2,0,2,2,0,0,1,0,0.2,0.11,0,0.11),(216,'Musa Barrow','gm GAM','FWMF','Bologna',14,'it Serie A',55,22,1998,34,25,2134,23.7,6,6,12,6,0,0,0,0,5.9,0.25,0.25,0.51),(217,'Abdourahmane Barry','fr FRA','DF','Greuther Fürth',37,'de Bundesliga',11,21,2000,8,1,210,2.3,0,0,0,0,0,0,2,0,0,0,0,0),(218,'Marc Bartra','es ESP','DF','Betis',12,'es La Liga',22,30,1991,23,23,1993,22.1,1,0,1,1,0,0,5,0,1.6,0.05,0,0.05),(219,'Daniele Baselli','it ITA','MFFW','Torino',87,'it Serie A',55,29,1992,6,0,150,1.7,0,0,0,0,0,0,0,0,0.7,0,0,0),(220,'Daniele Baselli','it ITA','MF','Cagliari',21,'it Serie A',55,29,1992,9,2,290,3.2,0,1,1,0,0,0,1,0,0.5,0,0.31,0.31),(221,'Toma Ba?i?','hr CRO','MF','Lazio',44,'it Serie A',55,24,1996,29,9,982,10.9,0,2,2,0,0,0,3,0,1.6,0,0.18,0.18),(222,'Toma Ba?i?','hr CRO','MF','Bordeaux',15,'fr Ligue 1',33,24,1996,3,3,209,2.3,0,1,1,0,0,0,0,0,0,0,0.43,0.43),(223,'Amine Bassi','fr FRA','MFFW','Metz',59,'fr Ligue 1',33,23,1997,5,2,184,2,0,0,0,0,0,0,0,0,0.2,0,0,0),(224,'?lvaro Bastida','es ESP','MF','Cádiz',20,'es La Liga',22,17,2004,6,2,197,2.2,0,0,0,0,0,0,1,0,0,0,0,0),(225,'Alessandro Bastoni','it ITA','DF','Inter',41,'it Serie A',55,22,1999,31,29,2311,25.7,1,2,3,1,0,0,4,0,0.3,0.04,0.08,0.12),(226,'Simone Bastoni','it ITA','MFDF','Spezia',84,'it Serie A',55,24,1996,31,26,2288,25.4,3,3,6,3,0,0,5,1,1.5,0.12,0.12,0.24),(227,'Lewis Bate','eng ENG','MF','Leeds United',45,'eng Premier League',44,18,2002,3,1,146,1.6,0,0,0,0,0,0,0,0,0,0,0,0),(228,'Rodrigo Battaglia','ar ARG','MF','Mallorca',55,'es La Liga',22,30,1991,26,12,1179,13.1,0,0,0,0,0,0,4,0,0.4,0,0,0),(229,'Maximilian Bauer','de GER','DF','Greuther Fürth',37,'de Bundesliga',11,21,2000,26,18,1690,18.8,0,0,0,0,0,0,5,0,0.2,0,0,0),(230,'Oliver Baumann','de GER','GK','Hoffenheim',40,'de Bundesliga',11,31,1990,33,33,2970,33,0,0,0,0,0,0,1,0,0,0,0,0),(231,'Timo Baumgartl','de GER','DF','Union Berlin',91,'de Bundesliga',11,25,1996,25,25,2166,24.1,1,2,3,1,0,0,5,0,1.5,0.04,0.08,0.12),(232,'Julian Baumgartlinger','at AUT','MFFW','Leverkusen',49,'de Bundesliga',11,33,1988,6,1,88,1,0,0,0,0,0,0,1,0,0,0,0,0),(233,'Christoph Baumgartner','at AUT','MFFW','Hoffenheim',40,'de Bundesliga',11,21,1999,29,23,1888,21,7,2,9,7,0,0,5,0,7,0.33,0.1,0.43),(234,'Jon Bautista','es ESP','MF','Real Sociedad',74,'es La Liga',22,26,1995,1,0,45,0.5,0,0,0,0,0,0,0,0,0.1,0,0,0),(235,'Paul Baysse','fr FRA','MFDF','Bordeaux',15,'fr Ligue 1',33,33,1988,2,0,11,0.1,0,0,0,0,0,0,0,0,0,0,0,0),(236,'Noah Joel Sarenren Bazee','ng NGA','MFFW','Augsburg',9,'de Bundesliga',11,24,1996,14,1,241,2.7,1,0,1,1,0,0,1,0,0.6,0.37,0,0.37),(237,'Bebé','cv CPV','FW','Rayo Vallecano',71,'es La Liga',22,31,1990,29,6,867,9.6,1,2,3,1,0,0,2,0,1.7,0.1,0.21,0.31),(238,'Ihlas Bebou','tg TOG','FWDF','Hoffenheim',40,'de Bundesliga',11,27,1994,28,25,2091,23.2,7,2,9,7,0,0,0,0,9.4,0.3,0.09,0.39),(239,'Rodrigo Bec?o','br BRA','DF','Udinese',90,'it Serie A',55,25,1996,35,35,3130,34.8,2,1,3,2,0,0,10,0,1,0.06,0.03,0.09),(240,'Mads Bech S?rensen','dk DEN','DF','Brentford',16,'eng Premier League',44,22,1999,11,9,835,9.3,0,0,0,0,0,0,3,0,0.1,0,0,0),(241,'Sheraldo Becker','sr SUR','FWMF','Union Berlin',91,'de Bundesliga',11,26,1995,28,22,1758,19.5,4,6,10,4,0,0,4,0,2.4,0.2,0.31,0.51),(242,'Jan Bednarek','pl POL','DF','Southampton',83,'eng Premier League',44,25,1996,31,30,2629,29.2,4,0,4,4,0,0,10,0,2.2,0.14,0,0.14),(243,'Donny van de Beek','nl NED','MF','Manchester Utd',57,'eng Premier League',44,24,1997,8,0,75,0.8,1,0,1,1,0,0,0,0,0.5,1.2,0,1.2),(244,'Donny van de Beek','nl NED','MF','Everton',31,'eng Premier League',44,24,1997,7,5,483,5.4,1,0,1,1,0,0,1,0,1.1,0.19,0,0.19),(245,'Asmir Begovi?','ba BIH','GK','Everton',31,'eng Premier League',44,34,1987,3,3,270,3,0,0,0,0,0,0,0,0,0,0,0,0),(246,'Valon Behrami','ch SUI','MFFW','Genoa',34,'it Serie A',55,36,1985,10,2,311,3.5,0,0,0,0,0,0,3,0,0.1,0,0,0),(247,'Kevin Behrens','de GER','FW','Union Berlin',91,'de Bundesliga',11,30,1991,24,2,499,5.5,2,2,4,2,0,0,1,0,2.4,0.36,0.36,0.72),(248,'Youcef Belaőli','dz ALG','MFFW','Brest',17,'fr Ligue 1',33,29,1992,13,11,825,9.2,3,2,5,3,0,1,2,0,2.8,0.33,0.22,0.55),(249,'Vid Belec','si SVN','GK','Salernitana',79,'it Serie A',55,31,1990,23,21,1938,21.5,0,0,0,0,0,0,1,0,0,0,0,0),(250,'Ishak Belfodil','dz ALG','FW','Hertha BSC',39,'de Bundesliga',11,29,1992,26,17,1636,18.2,5,2,7,4,1,1,1,0,3.7,0.28,0.11,0.39),(251,'Haris Belkebla','dz ALG','MF','Brest',17,'fr Ligue 1',33,27,1994,31,26,2310,25.7,0,0,0,0,0,0,2,0,0.1,0,0,0),(252,'Stefan Bell','de GER','DF','Mainz 05',54,'de Bundesliga',11,29,1991,33,33,2864,31.8,2,0,2,2,0,0,9,0,1.7,0.06,0,0.06),(253,'Armel Bella Kotchap','de GER','DF','Bochum',13,'de Bundesliga',11,19,2001,22,20,1768,19.6,0,0,0,0,0,0,5,0,0.6,0,0,0),(254,'Raoul Bellanova','it ITA','DFFW','Cagliari',21,'it Serie A',55,21,2000,31,27,2496,27.7,1,2,3,1,0,0,3,0,1.7,0.04,0.07,0.11),(255,'Karim Bellarabi','de GER','FWMF','Leverkusen',49,'de Bundesliga',11,31,1990,16,9,683,7.6,3,2,5,3,0,0,2,0,2,0.4,0.26,0.66),(256,'Jean-Ricner Bellegarde','fr FRA','MF','Strasbourg',85,'fr Ligue 1',33,23,1998,36,26,2332,25.9,2,3,5,2,0,0,5,0,1.9,0.08,0.12,0.19),(257,'Héctor Bellerín','es ESP','DF','Betis',12,'es La Liga',22,26,1995,23,22,1979,22,0,2,2,0,0,0,2,1,0.5,0,0.09,0.09),(258,'Jude Bellingham','eng ENG','MF','Dortmund',26,'de Bundesliga',11,18,2003,32,32,2790,31,3,8,11,3,0,0,9,0,4.8,0.1,0.26,0.35),(259,'George Bello','us USA','DF','Arminia',3,'de Bundesliga',11,19,2002,10,3,434,4.8,0,0,0,0,0,0,0,0,0.1,0,0,0),(260,'Jeanöel Belocian','fr FRA','DF','Rennes',76,'fr Ligue 1',33,16,2005,1,0,12,0.1,0,0,0,0,0,0,0,0,0,0,0,0),(261,'Andrea Belotti','it ITA','FW','Torino',87,'it Serie A',55,27,1993,22,16,1371,15.2,8,1,9,5,3,3,1,0,7.9,0.53,0.07,0.59),(262,'Fran Beltrán','es ESP','MF','Celta Vigo',22,'es La Liga',22,22,1999,37,31,2597,28.9,1,0,1,1,0,0,4,0,0.4,0.03,0,0.03),(263,'Hatem Ben Arfa','fr FRA','FWMF','Lille',50,'fr Ligue 1',33,34,1987,7,4,314,3.5,0,1,1,0,0,0,1,0,0.3,0,0.29,0.29),(264,'Salim Ben Seghir','fr FRA','MF','Marseille',58,'fr Ligue 1',33,18,2003,1,0,1,0,0,0,0,0,0,0,0,0,0,0,0,0),(265,'Wissam Ben Yedder','fr FRA','FW','Monaco',62,'fr Ligue 1',33,30,1990,37,29,2529,28.1,25,5,30,17,8,8,3,0,18,0.89,0.18,1.07),(266,'Marco Benassi','it ITA','DFMF','Fiorentina',32,'it Serie A',55,26,1994,6,1,158,1.8,0,0,0,0,0,0,1,0,0.1,0,0,0),(267,'Marco Benassi','it ITA','MF','Empoli',29,'it Serie A',55,26,1994,12,3,382,4.2,0,0,0,0,0,0,1,0,0.9,0,0,0),(268,'Darío Benedetto','ar ARG','FWMF','Elche',28,'es La Liga',22,31,1990,14,6,590,6.6,2,1,3,2,0,0,1,0,2,0.31,0.15,0.46),(269,'Darío Benedetto','ar ARG','FWMF','Marseille',58,'fr Ligue 1',33,31,1990,2,0,54,0.6,0,0,0,0,0,0,0,0,0.3,0,0,0),(270,'László Bénes','sk SVK','MF','M\'Gladbach',60,'de Bundesliga',11,23,1997,13,2,246,2.7,0,0,0,0,0,0,0,0,0.6,0,0,0),(271,'Walter Benítez','ar ARG','GK','Nice',67,'fr Ligue 1',33,28,1993,37,37,3330,37,0,0,0,0,0,0,2,0,0,0,0,0),(272,'Iker Benito','es ESP','FWMF','Osasuna',69,'es La Liga',22,18,2002,4,1,118,1.3,0,0,0,0,0,0,1,0,0.1,0,0,0),(273,'Loris Benito','ch SUI','DF','Bordeaux',15,'fr Ligue 1',33,29,1992,1,1,61,0.7,0,0,0,0,0,0,0,0,0,0,0,0),(274,'Pedro Benito','es ESP','FW','Cádiz',20,'es La Liga',22,21,2000,1,0,31,0.3,0,0,0,0,0,0,0,0,0,0,0,0),(275,'Filip Benkovi?','hr CRO','DFFW','Udinese',90,'it Serie A',55,24,1997,2,0,8,0.1,0,0,0,0,0,0,0,0,0.1,0,0,0),(276,'Ismaël Bennacer','dz ALG','MF','Milan',61,'it Serie A',55,23,1997,31,15,1525,16.9,2,1,3,2,0,0,7,0,0.7,0.12,0.06,0.18),(277,'Keanan Bennetts','eng ENG','FWDF','M\'Gladbach',60,'de Bundesliga',11,22,1999,4,0,50,0.6,0,0,0,0,0,0,1,0,0,0,0,0),(278,'Saőd Benrahma','dz ALG','FWMF','West Ham',96,'eng Premier League',44,25,1995,32,26,2168,24.1,8,6,14,8,0,0,0,0,4.8,0.33,0.25,0.58),(279,'Ramy Bensebaini','dz ALG','DF','M\'Gladbach',60,'de Bundesliga',11,26,1995,23,22,2020,22.4,4,1,5,2,2,2,6,0,3.7,0.18,0.04,0.22),(280,'Nabil Bentaleb','dz ALG','MF','Angers',2,'fr Ligue 1',33,26,1994,18,18,1515,16.8,1,0,1,1,0,0,4,0,0.6,0.06,0,0.06),(281,'Rodrigo Bentancur','uy URU','MF','Tottenham',88,'eng Premier League',44,24,1997,17,16,1361,15.1,0,4,4,0,0,0,5,0,0.8,0,0.26,0.26),(282,'Rodrigo Bentancur','uy URU','MF','Juventus',42,'it Serie A',55,24,1997,19,13,1155,12.8,0,1,1,0,0,0,1,0,0.7,0,0.08,0.08),(283,'Christian Benteke','be BEL','FW','Crystal Palace',25,'eng Premier League',44,30,1990,25,11,1145,12.7,4,1,5,4,0,0,3,0,4.9,0.31,0.08,0.39),(284,'Karim Benzema','fr FRA','FW','Real Madrid',73,'es La Liga',22,33,1987,32,31,2593,28.8,27,12,39,20,7,11,0,0,23.7,0.94,0.42,1.35),(285,'Alessandro Berardi','it ITA','GK','Hellas Verona',38,'it Serie A',55,30,1991,1,1,90,1,0,0,0,0,0,0,0,0,0,0,0,0),(286,'Domenico Berardi','it ITA','FW','Sassuolo',81,'it Serie A',55,26,1994,33,33,2819,31.3,15,14,29,9,6,6,9,0,11.3,0.48,0.45,0.93),(287,'Yuri Berchiche','es ESP','DF','Athletic Club',7,'es La Liga',22,31,1990,14,11,1015,11.3,1,2,3,1,0,0,3,0,0.4,0.09,0.18,0.27),(288,'?lex Berenguer','es ESP','MF','Athletic Club',7,'es La Liga',22,26,1995,34,24,2168,24.1,3,6,9,3,0,1,8,0,5.2,0.12,0.25,0.37),(289,'Bartosz Bereszy?ski','pl POL','DF','Sampdoria',80,'it Serie A',55,29,1992,35,35,2946,32.7,0,3,3,0,0,0,12,0,0.5,0,0.09,0.09),(290,'Jóhann Berg Gu?mundsson','is ISL','MF','Burnley',19,'eng Premier League',44,30,1990,18,13,1102,12.2,0,1,1,0,0,0,2,0,1.6,0,0.08,0.08),(291,'Patrick Berg','no NOR','MF','Lens',47,'fr Ligue 1',33,23,1997,14,2,307,3.4,0,0,0,0,0,0,0,0,0,0,0,0),(292,'Mitchell van Bergen','nl NED','FWMF','Reims',75,'fr Ligue 1',33,21,1999,20,11,983,10.9,0,0,0,0,0,0,1,0,1.2,0,0,0),(293,'Steven Bergwijn','nl NED','FWMF','Tottenham',88,'eng Premier League',44,23,1997,25,4,565,6.3,3,1,4,3,0,0,1,0,2.5,0.48,0.16,0.64),(294,'Etrit Berisha','al ALB','GK','Torino',87,'it Serie A',55,32,1989,10,10,900,10,0,0,0,0,0,0,1,0,0,0,0,0),(295,'Valon Berisha','xk KVX','MFFW','Reims',75,'fr Ligue 1',33,28,1993,13,5,455,5.1,0,1,1,0,0,0,2,1,0.2,0,0.2,0.2),(296,'Federico Bernardeschi','it ITA','MFFW','Juventus',42,'it Serie A',55,27,1994,28,16,1475,16.4,1,3,4,1,0,0,5,0,1.5,0.06,0.18,0.24),(297,'Paul Bernardoni','fr FRA','GK','Angers',2,'fr Ligue 1',33,24,1997,13,13,1170,13,0,0,0,0,0,0,0,0,0,0,0,0),(298,'Paul Bernardoni','fr FRA','GK','Saint-Étienne',78,'fr Ligue 1',33,24,1997,19,19,1710,19,0,0,0,0,0,0,0,0,0,0,0,0),(299,'Juan Bernat','es ESP','DFMF','Paris S-G',70,'fr Ligue 1',33,28,1993,15,12,958,10.6,0,0,0,0,0,0,2,0,0.1,0,0,0),(300,'Dimitry Bertaud','fr FRA','GK','Montpellier',63,'fr Ligue 1',33,23,1998,11,9,833,9.3,0,0,0,0,0,0,0,0,0,0,0,0),(301,'Jason Berthomier','fr FRA','MF','Clermont Foot',24,'fr Ligue 1',33,31,1990,29,22,1732,19.2,1,5,6,1,0,0,0,0,1.7,0.05,0.26,0.31),(302,'NicolĽ Bertola','it ITA','MFDF','Spezia',84,'it Serie A',55,18,2003,2,0,35,0.4,0,0,0,0,0,0,0,0,0,0,0,0),(303,'Ryan Bertrand','eng ENG','DF','Leicester City',46,'eng Premier League',44,31,1989,4,4,337,3.7,0,0,0,0,0,0,1,0,0,0,0,0),(304,'Daniel Bessa','it ITA','MF','Hellas Verona',38,'it Serie A',55,28,1993,24,5,768,8.5,1,1,2,1,0,0,5,1,0.4,0.12,0.12,0.23),(305,'Beto','gw GNB','FW','Udinese',90,'it Serie A',55,23,1998,28,24,2173,24.1,11,0,11,11,0,0,1,0,12.7,0.46,0,0.46),(306,'Louis Beyer','de GER','DF','M\'Gladbach',60,'de Bundesliga',11,21,2000,17,15,1384,15.4,0,0,0,0,0,0,5,0,0.6,0,0,0),(307,'Bartosz Bialek','pl POL','FWDF','Wolfsburg',97,'de Bundesliga',11,19,2001,12,1,178,2,0,0,0,0,0,0,1,0,0.4,0,0,0),(308,'Giulian Biancone','fr FRA','DFMF','Troyes',89,'fr Ligue 1',33,21,2000,33,26,2292,25.5,1,2,3,1,0,0,10,0,1.7,0.04,0.08,0.12),(309,'Ermin Bi?ak?i?','ba BIH','DF','Hoffenheim',40,'de Bundesliga',11,31,1990,1,0,5,0.1,0,0,0,0,0,0,0,0,0,0,0,0),(310,'Mads Bidstrup','dk DEN','MF','Brentford',16,'eng Premier League',44,20,2001,4,0,41,0.5,0,0,0,0,0,0,0,0,0,0,0,0),(311,'Pedro Bigas','es ESP','DF','Elche',28,'es La Liga',22,30,1990,19,19,1551,17.2,1,0,1,1,0,0,6,0,0.6,0.06,0,0.06),(312,'El Bilal Touré','ml MLI','FW','Reims',75,'fr Ligue 1',33,19,2001,21,15,1194,13.3,2,4,6,1,1,1,2,0,4.1,0.15,0.3,0.45),(313,'Jean-Claude Billong','cm CMR','DF','Clermont Foot',24,'fr Ligue 1',33,27,1993,15,10,980,10.9,0,0,0,0,0,0,2,0,0.2,0,0,0),(314,'Luis Binks','eng ENG','DF','Bologna',14,'it Serie A',55,19,2001,15,7,646,7.2,0,0,0,0,0,0,3,0,0,0,0,0),(315,'Cristiano Biraghi','it ITA','DF','Fiorentina',32,'it Serie A',55,28,1992,37,37,3153,35,4,1,5,3,1,2,5,1,3.1,0.11,0.03,0.14),(316,'Davide Biraschi','it ITA','DF','Genoa',34,'it Serie A',55,27,1994,14,11,930,10.3,0,0,0,0,0,0,4,0,0,0,0,0),(317,'Tom Bischof','de GER','MF','Hoffenheim',40,'de Bundesliga',11,16,2005,1,0,14,0.2,0,0,0,0,0,0,0,0,0,0,0,0),(318,'Yves Bissouma','ml MLI','MF','Brighton',18,'eng Premier League',44,24,1996,26,25,2111,23.5,1,2,3,1,0,0,10,0,0.9,0.04,0.09,0.13),(319,'Nathan Bitu Mazala','fr FRA','DF','Paris S-G',70,'fr Ligue 1',33,18,2002,1,0,11,0.1,0,0,0,0,0,0,0,0,0,0,0,0),(320,'Marco Bizot','nl NED','GK','Brest',17,'fr Ligue 1',33,30,1991,38,38,3420,38,0,1,1,0,0,0,1,0,0,0,0.03,0.03),(321,'Bjarki Bjarkason','is ISL','MF','Venezia',93,'it Serie A',55,21,2000,1,0,3,0,0,0,0,0,0,0,0,0,0,0,0,0),(322,'Blanco','es ESP','MF','Real Madrid',73,'es La Liga',22,21,2000,1,0,31,0.3,0,0,0,0,0,0,0,0,0,0,0,0),(323,'Ludovic Blas','fr FRA','MFFW','Nantes',64,'fr Ligue 1',33,23,1997,35,35,2961,32.9,10,5,15,5,5,5,10,0,11.7,0.3,0.15,0.46),(324,'Danny Blum','de GER','FW','Bochum',13,'de Bundesliga',11,30,1991,13,2,346,3.8,2,0,2,2,0,0,0,0,0.8,0.52,0,0.52),(325,'Myron Boadu','nl NED','FW','Monaco',62,'fr Ligue 1',33,20,2001,31,7,960,10.7,4,1,5,4,0,0,0,0,6.6,0.37,0.09,0.47),(326,'Jérôme Boateng','de GER','DF','Lyon',53,'fr Ligue 1',33,32,1988,24,19,1622,18,0,1,1,0,0,0,6,0,0.3,0,0.06,0.06),(327,'Kevin-Prince Boateng','gh GHA','MFFW','Hertha BSC',39,'de Bundesliga',11,34,1987,18,8,696,7.7,0,0,0,0,0,0,8,0,0.3,0,0,0),(328,'Antonin Bobichon','fr FRA','MFFW','Angers',2,'fr Ligue 1',33,25,1995,4,0,38,0.4,0,0,0,0,0,0,0,0,0,0,0,0),(329,'Herbert Bockhorn','de GER','DF','Bochum',13,'de Bundesliga',11,26,1995,18,7,850,9.4,0,0,0,0,0,0,1,0,0.3,0,0,0),(330,'Jean-Paul Boëtius','nl NED','MF','Mainz 05',54,'de Bundesliga',11,27,1994,33,19,1800,20,2,2,4,2,0,0,3,0,1,0.1,0.1,0.2),(331,'Jeremie Boga','ci CIV','FWMF','Atalanta',6,'it Serie A',55,24,1997,15,7,764,8.5,0,0,0,0,0,0,0,0,1,0,0,0),(332,'Jeremie Boga','ci CIV','FWMF','Sassuolo',81,'it Serie A',55,24,1997,12,8,670,7.4,0,2,2,0,0,0,0,0,1,0,0.27,0.27),(333,'Luka Bogdan','hr CRO','DF','Salernitana',79,'it Serie A',55,25,1996,6,4,399,4.4,0,0,0,0,0,0,0,0,0,0,0,0),(334,'Emil Bohinen','no NOR','MF','Salernitana',79,'it Serie A',55,22,1999,11,8,699,7.8,0,1,1,0,0,0,5,0,0.1,0,0.13,0.13),(335,'Quentin Boisgard','fr FRA','MFFW','Lorient',52,'fr Ligue 1',33,24,1997,25,9,958,10.6,1,1,2,1,0,0,3,0,0.8,0.09,0.09,0.19),(336,'Charles Boli','fr FRA','MFDF','Lens',47,'fr Ligue 1',33,22,1998,4,0,32,0.4,0,0,0,0,0,0,0,0,0,0,0,0),(337,'Willy Boly','ci CIV','DF','Wolves',98,'eng Premier League',44,30,1991,10,10,900,10,0,0,0,0,0,0,1,0,0.2,0,0,0),(338,'Giacomo Bonaventura','it ITA','MF','Fiorentina',32,'it Serie A',55,31,1989,31,28,2266,25.2,4,4,8,4,0,0,8,1,4.7,0.16,0.16,0.32),(339,'Federico Bonazzoli','it ITA','FWMF','Salernitana',79,'it Serie A',55,24,1997,32,19,1866,20.7,10,0,10,8,2,2,6,0,7.5,0.48,0,0.48),(340,'Tarsis Bonga','de GER','MFFW','Bochum',13,'de Bundesliga',11,24,1997,3,0,17,0.2,0,0,0,0,0,0,0,0,0.2,0,0,0),(341,'Kevin Bonifazi','it ITA','DF','Bologna',14,'it Serie A',55,25,1996,22,14,1210,13.4,0,0,0,0,0,0,4,1,0.7,0,0,0),(342,'Solomon Bonnah','nl NED','DF','RB Leipzig',72,'de Bundesliga',11,17,2003,1,0,6,0.1,0,0,0,0,0,0,0,0,0,0,0,0),(343,'Leonardo Bonucci','it ITA','DF','Juventus',42,'it Serie A',55,34,1987,24,22,2005,22.3,5,0,5,2,3,3,1,0,4.7,0.22,0,0.22),(344,'Sebastiaan Bornauw','be BEL','DF','Wolfsburg',97,'de Bundesliga',11,22,1999,27,23,2007,22.3,1,0,1,1,0,0,4,0,1.1,0.04,0,0.04),(345,'Rafael Borré','co COL','FW','Eint Frankfurt',27,'de Bundesliga',11,25,1995,31,28,2378,26.4,8,4,12,8,0,0,5,0,7.5,0.3,0.15,0.45),(346,'Sven Botman','nl NED','DF','Lille',50,'fr Ligue 1',33,21,2000,25,25,2250,25,3,1,4,3,0,0,4,0,1.6,0.12,0.04,0.16),(347,'Denis Bouanga','ga GAB','FWMF','Saint-Étienne',78,'fr Ligue 1',33,26,1994,34,28,2436,27.1,9,6,15,9,0,0,4,1,8,0.33,0.22,0.55),(348,'Hicham Boudaoui','dz ALG','MF','Nice',67,'fr Ligue 1',33,21,1999,29,21,1621,18,3,2,5,3,0,0,7,0,1.1,0.17,0.11,0.28),(349,'Ryad Boudebouz','dz ALG','MFFW','Saint-Étienne',78,'fr Ligue 1',33,31,1990,30,27,2252,25,3,4,7,2,1,1,2,0,2.3,0.12,0.16,0.28),(350,'Sofiane Boufal','ma MAR','FWMF','Angers',2,'fr Ligue 1',33,27,1993,29,28,2330,25.9,8,4,12,5,3,3,6,0,8.5,0.31,0.15,0.46),(351,'Farid Boulaya','dz ALG','MFFW','Metz',59,'fr Ligue 1',33,28,1993,24,18,1526,17,4,2,6,4,0,0,1,1,1.5,0.24,0.12,0.35),(352,'Yassine Bounou','ma MAR','GK','Sevilla',82,'es La Liga',22,30,1991,31,31,2790,31,0,2,2,0,0,0,2,0,0,0,0.06,0.06),(353,'Ismaëlben Boura','fr FRA','DF','Lens',47,'fr Ligue 1',33,20,2000,5,1,95,1.1,0,0,0,0,0,0,0,0,0,0,0,0),(354,'Mehdi Bourabia','ma MAR','MF','Spezia',84,'it Serie A',55,29,1991,8,2,282,3.1,1,0,1,1,0,0,0,0,0,0.32,0,0.32),(355,'Benjamin Bourigeaud','fr FRA','FWMF','Rennes',76,'fr Ligue 1',33,27,1994,38,38,3193,35.5,11,12,23,11,0,0,2,0,5.7,0.31,0.34,0.65),(356,'Redwan Bourles','fr FRA','MFFW','Lorient',52,'fr Ligue 1',33,18,2003,4,0,16,0.2,0,0,0,0,0,0,0,0,0,0,0,0),(357,'Edoardo Bove','it ITA','MFDF','Roma',77,'it Serie A',55,19,2002,11,0,68,0.8,1,0,1,1,0,0,0,0,0,1.32,0,1.32),(358,'Jarrod Bowen','eng ENG','FW','West Ham',96,'eng Premier League',44,24,1996,36,34,2983,33.1,12,10,22,12,0,0,6,0,11.9,0.36,0.3,0.66),(359,'Dedryck Boyata','be BEL','DF','Hertha BSC',39,'de Bundesliga',11,30,1990,23,22,1898,21.1,0,0,0,0,0,0,1,1,0.8,0,0,0),(360,'Lucas Boyé','ar ARG','FW','Elche',28,'es La Liga',22,25,1996,24,22,1713,19,7,3,10,7,0,0,3,0,4.6,0.37,0.16,0.53),(361,'Domagoj Bradari?','hr CRO','DF','Lille',50,'fr Ligue 1',33,21,1999,15,2,417,4.6,0,0,0,0,0,0,2,0,0.1,0,0,0),(362,'Bilal Brahimi','dz ALG','MF','Nice',67,'fr Ligue 1',33,21,2000,11,2,378,4.2,0,0,0,0,0,0,1,0,0.6,0,0,0),(363,'Bilal Brahimi','dz ALG','FW','Angers',2,'fr Ligue 1',33,21,2000,9,3,338,3.8,0,1,1,0,0,0,0,0,0.5,0,0.27,0.27),(364,'Martin Braithwaite','dk DEN','FW','Barcelona',10,'es La Liga',22,30,1991,4,3,235,2.6,2,1,3,2,0,0,0,0,0.9,0.77,0.38,1.15),(365,'Julian Brandt','de GER','MFFW','Dortmund',26,'de Bundesliga',11,25,1996,31,22,2078,23.1,9,8,17,9,0,0,3,0,4.9,0.39,0.35,0.74),(366,'Jarrad Branthwaite','eng ENG','DF','Everton',31,'eng Premier League',44,19,2002,6,4,388,4.3,1,0,1,1,0,0,0,1,0.5,0.23,0,0.23),(367,'Darko Bra?anac','rs SRB','MF','Osasuna',69,'es La Liga',22,29,1992,35,27,2405,26.7,1,2,3,1,0,0,8,0,1.5,0.04,0.07,0.11),(368,'Lilian Brassier','fr FRA','DF','Brest',17,'fr Ligue 1',33,21,1999,31,23,2263,25.1,1,0,1,1,0,0,4,0,1.1,0.04,0,0.04),(369,'Claudio Bravo','cl CHI','GK','Betis',12,'es La Liga',22,38,1983,17,17,1456,16.2,0,0,0,0,0,0,2,0,0,0,0,0),(370,'Iker Bravo','es ESP','FW','Leverkusen',49,'de Bundesliga',11,16,2005,1,0,12,0.1,0,0,0,0,0,0,0,0,0,0,0,0);
/*!40000 ALTER TABLE `players` ENABLE KEYS */;
UNLOCK TABLES;

--
-- Table structure for table `teams`
--

DROP TABLE IF EXISTS `teams`;
/*!40101 SET @saved_cs_client     = @@character_set_client */;
/*!50503 SET character_set_client = utf8mb4 */;
CREATE TABLE `teams` (
  `TeamID` int NOT NULL,
  `Squad` text NOT NULL,
  `Comp` text NOT NULL,
  `CompID` int NOT NULL,
  `NumberOfPl` int NOT NULL,
  `Age` double NOT NULL,
  `Possession` double NOT NULL,
  `MP` int NOT NULL,
  `Starts` int NOT NULL,
  `Min` int NOT NULL,
  `90s` int NOT NULL,
  `Gls` int NOT NULL,
  `Ast` int NOT NULL,
  `G+A` int NOT NULL,
  `G-PK` int NOT NULL,
  `PK` int NOT NULL,
  `PKatt` int NOT NULL,
  `CrdY` int NOT NULL,
  `CrdR` int NOT NULL,
  `GlsPer90` text NOT NULL,
  `AstPer90` text NOT NULL,
  `G+APer90` double NOT NULL,
  `Attendance` text NOT NULL,
  `TopTeamScorer` text NOT NULL,
  `Goalkeeper` text NOT NULL,
  PRIMARY KEY (`TeamID`),
  KEY `CompetitionID_idx` (`CompID`),
  CONSTRAINT `CompetitionID` FOREIGN KEY (`CompID`) REFERENCES `competitions` (`CompetitionID`)
) ENGINE=InnoDB DEFAULT CHARSET=utf8mb4 COLLATE=utf8mb4_0900_ai_ci;
/*!40101 SET character_set_client = @saved_cs_client */;

--
-- Dumping data for table `teams`
--

LOCK TABLES `teams` WRITE;
/*!40000 ALTER TABLE `teams` DISABLE KEYS */;
INSERT INTO `teams` VALUES (1,'Alavés','es La Liga',22,33,27.9,42,38,418,3420,38,29,20,49,23,6,7,93,4,'0.76','0.53',1.29,'10952','Joselu - 14','Fernando Pacheco'),(2,'Angers','fr Ligue 1',33,30,27.4,48.4,38,418,3420,38,41,25,66,32,9,9,70,4,'01.08','0.66',1.74,'7758','Sofiane Boufal - 8','Danijel Petkovi?'),(3,'Arminia','de Bundesliga',11,26,25.8,40.7,34,374,3060,34,26,18,44,24,2,2,55,2,'0.76','0.53',1.29,'16773','Masaya Okugawa - 8','Stefan Ortega'),(4,'Arsenal','eng Premier League',44,27,24.4,52.8,38,418,3420,38,60,41,101,55,5,8,67,4,'1.58','01.08',2.66,'59665','Bukayo Saka - 11','Aaron Ramsdale'),(5,'Aston Villa','eng Premier League',44,31,26.1,46.5,38,418,3420,38,50,42,92,47,3,3,81,2,'1.32','1.11',2.42,'41681','Ollie Watkins - 11','Emiliano Martínez'),(6,'Atalanta','it Serie A',55,32,27.5,55,38,418,3420,38,62,48,110,57,5,6,87,2,'1.63','1.26',2.89,'10447','Mario Pa?ali? - 13','Juan Musso'),(7,'Athletic Club','es La Liga',22,26,26.9,48.1,38,418,3420,38,40,34,74,37,3,7,90,4,'01.05','0.89',1.95,'32949','IĄaki Williams - 8','Unai Simón'),(8,'Atlético Madrid','es La Liga',22,26,28.1,50.6,38,418,3420,38,63,45,108,59,4,5,111,7,'1.66','1.18',2.84,'48039','?ngel Correa - 12','Jan Oblak'),(9,'Augsburg','de Bundesliga',11,26,26.6,41.5,34,374,3060,34,39,26,65,34,5,5,74,0,'1.15','0.76',1.91,'15197','Michael Gregoritsch - 9','Rafa? Gikiewicz'),(10,'Barcelona','es La Liga',22,38,26.2,64.2,38,418,3420,38,68,52,120,62,6,7,97,5,'1.79','1.37',3.16,'53982','Memphis - 12','Marc-André ter Stegen'),(11,'Bayern Munich','de Bundesliga',11,30,26.8,64.5,34,374,3060,34,92,70,162,87,5,5,36,2,'2.71','02.06',4.76,'33176','Robert Lewandowski - 35','Manuel Neuer'),(12,'Betis','es La Liga',22,31,28.9,53.7,38,418,3420,38,60,45,105,54,6,6,87,6,'1.58','1.18',2.76,'41749','Juanmi - 16','Rui Silva'),(13,'Bochum','de Bundesliga',11,28,28,44.7,34,374,3060,34,37,22,59,33,4,6,55,2,'01.09','0.65',1.74,'14236','Sebastian Polter - 10','Manuel Riemann'),(14,'Bologna','it Serie A',55,36,26.6,50.6,38,418,3420,38,43,34,77,39,4,5,92,7,'1.13','0.89',2.03,'14158','Marko Arnautovi? - 14','?ukasz Skorupski'),(15,'Bordeaux','fr Ligue 1',33,39,25.7,47.4,38,418,3420,38,50,39,89,48,2,4,91,5,'1.32','01.03',2.34,'22141','Hwang Ui-jo - 11','Benoît Costil'),(16,'Brentford','eng Premier League',44,29,25.4,44.8,38,418,3420,38,46,33,79,40,6,6,65,3,'1.21','0.87',2.08,'16918','Ivan Toney - 12','David Raya'),(17,'Brest','fr Ligue 1',33,25,25.4,43.9,38,418,3420,38,48,32,80,41,7,8,59,2,'1.26','0.84',2.11,'11804','Franck Honorat - 11','Marco Bizot'),(18,'Brighton','eng Premier League',44,26,26.2,54.4,38,418,3420,38,40,30,70,36,4,7,72,2,'01.05','0.79',1.84,'30966','Leandro Trossard, Neal Maupay - 8','Robert Sánchez'),(19,'Burnley','eng Premier League',44,23,28.5,40.2,38,418,3420,38,32,26,58,31,1,2,68,2,'0.84','0.68',1.53,'19278','Maxwel Cornet - 9','Nick Pope'),(20,'Cádiz','es La Liga',22,33,28.5,41.3,38,418,3420,38,35,21,56,32,3,6,105,3,'0.92','0.55',1.47,'14055','Anthony Lozano, ?lvaro Negredo - 7','Jeremías Ledesma'),(21,'Cagliari','it Serie A',55,33,26.5,44.5,38,418,3420,38,34,26,60,31,3,4,96,5,'0.89','0.68',1.58,'9718','Jo?o Pedro - 13','Alessio Cragno'),(22,'Celta Vigo','es La Liga',22,25,28.4,55.2,38,418,3420,38,43,29,72,40,3,6,87,3,'1.13','0.76',1.89,'10014','Iago Aspas - 18','Matías Dituro'),(23,'Chelsea','eng Premier League',44,26,27.4,61.8,38,418,3420,38,75,52,127,67,8,9,63,1,'1.97','1.37',3.34,'36443','Mason Mount - 11','Edouard Mendy'),(24,'Clermont Foot','fr Ligue 1',33,28,26.9,50,38,418,3420,38,36,25,61,34,2,3,65,8,'0.95','0.66',1.61,'10569','Mohamed Lamine Bayo - 14','Ouparine Djoco'),(25,'Crystal Palace','eng Premier League',44,24,27.1,51.1,38,418,3420,38,50,31,81,44,6,8,69,1,'1.32','0.82',2.13,'24588','Wilfried Zaha - 14','Vicente Guaita'),(26,'Dortmund','de Bundesliga',11,33,25.9,59.2,34,374,3060,34,81,57,138,70,11,11,63,1,'2.38','1.68',4.06,'418','Erling Haaland - 22','Gregor Kobel'),(27,'Eint Frankfurt','de Bundesliga',11,27,26.2,49.6,34,374,3060,34,43,33,76,42,1,2,61,1,'1.26','0.97',2.24,'26162','Rafael Borré - 8','Kevin Trapp'),(28,'Elche','es La Liga',22,28,29.1,48.4,38,418,3420,38,39,29,68,38,1,1,104,6,'01.03','0.76',1.79,'1564','Pere Milla - 8','Édgar Badía'),(29,'Empoli','it Serie A',55,28,24.5,47.4,38,418,3420,38,47,27,74,40,7,7,87,5,'1.24','0.71',1.95,'6356','Andrea Pinamonti - 13','Guglielmo Vicario'),(30,'Espanyol','es La Liga',22,34,27.7,46.9,38,418,3420,38,39,25,64,34,5,5,99,7,'01.03','0.66',1.68,'17362','Raúl de Tomás - 17','Diego López'),(31,'Everton','eng Premier League',44,33,26.7,40,38,418,3420,38,42,29,71,36,6,7,82,6,'1.11','0.76',1.87,'38446','Richarlison - 10','Jordan Pickford'),(32,'Fiorentina','it Serie A',55,28,26.4,57.7,38,418,3420,38,59,33,92,50,9,12,89,8,'1.55','0.87',2.42,'21107','Du?an Vlahovi? - 17','Pietro Terracciano'),(33,'Freiburg','de Bundesliga',11,26,26.5,49,34,374,3060,34,55,37,92,50,5,6,34,0,'1.62','01.09',2.71,'18741','Vincenzo Grifo - 9','Mark Flekken'),(34,'Genoa','it Serie A',55,40,27,43.9,38,418,3420,38,26,19,45,20,6,7,92,3,'0.68','0.5',1.18,'12326','Mattia Destro - 9','Salvatore Sirigu'),(35,'Getafe','es La Liga',22,31,26.6,41.5,38,418,3420,38,31,26,57,28,3,5,121,8,'0.82','0.68',1.5,'8702','Enes Ünal - 16','David Soria'),(36,'Granada','es La Liga',22,32,28.1,44.7,38,418,3420,38,43,28,71,40,3,5,105,4,'1.13','0.74',1.87,'1371','Jorge Molina - 10','Luís Maximiano'),(37,'Greuther Fürth','de Bundesliga',11,29,25.9,43.6,34,374,3060,34,26,15,41,21,5,5,61,0,'0.76','0.44',1.21,'7672','Branimir Hrgota - 9','Sascha Burchert'),(38,'Hellas Verona','it Serie A',55,31,26.8,50.6,38,418,3420,38,63,44,107,56,7,8,100,7,'1.66','1.16',2.82,'13894','Giovanni Simeone - 17','Lorenzo MontipĽ'),(39,'Hertha BSC','de Bundesliga',11,36,26.7,43.7,34,374,3060,34,35,23,58,32,3,3,62,2,'01.03','0.68',1.71,'235','Stevan Joveti? - 6','Alexander Schwolow'),(40,'Hoffenheim','de Bundesliga',11,32,26.1,53.2,34,374,3060,34,55,42,97,55,0,0,75,0,'1.62','1.24',2.85,'11227','Georginio Rutter - 8','Oliver Baumann'),(41,'Inter','it Serie A',55,27,28.9,56.5,38,418,3420,38,83,57,140,76,7,11,71,0,'2.18','1.5',3.68,'44473','Lautaro Martínez - 21','Samir Handanovi?'),(42,'Juventus','it Serie A',55,32,27.4,51.5,38,418,3420,38,56,37,93,51,5,6,77,2,'1.47','0.97',2.45,'22621','Paulo Dybala - 10','Wojciech Szcz?sny'),(43,'Köln','de Bundesliga',11,26,27,54.8,34,374,3060,34,52,40,92,51,1,1,67,1,'1.53','1.18',2.71,'31965','Anthony Modeste - 20','Marvin Schwäbe'),(44,'Lazio','it Serie A',55,27,29,55.4,38,418,3420,38,74,48,122,67,7,9,88,5,'1.95','1.26',3.21,'23263','Ciro Immobile - 27','Thomas Strakosha'),(45,'Leeds United','eng Premier League',44,29,26.1,52.3,38,418,3420,38,42,26,68,37,5,5,101,3,'1.11','0.68',1.79,'36308','Raphinha - 11','Illan Meslier'),(46,'Leicester City','eng Premier League',44,28,26.5,52,38,418,3420,38,62,46,108,60,2,2,55,1,'1.63','1.21',2.84,'32493','Jamie Vardy - 15','Kasper Schmeichel'),(47,'Lens','fr Ligue 1',33,28,26.1,50.7,38,418,3420,38,60,39,99,55,5,5,73,7,'1.58','01.03',2.61,'2895','Arnaud Kalimuendo - 12','Jean-Louis Leca'),(48,'Levante','es La Liga',22,31,28,47.2,38,418,3420,38,51,34,85,43,8,13,109,6,'1.34','0.89',2.24,'14961','José Luis Morales - 13','Cárdenas'),(49,'Leverkusen','de Bundesliga',11,29,24.4,53.7,34,374,3060,34,76,58,134,74,2,6,66,2,'2.24','1.71',3.94,'17356','Patrik Schick - 24','Luká? Hrádeck?'),(50,'Lille','fr Ligue 1',33,26,26.1,50.8,38,418,3420,38,45,29,74,41,4,5,98,6,'1.18','0.76',1.95,'34346','Jonathan David - 15','Ivo Grbi?'),(51,'Liverpool','eng Premier League',44,27,27.7,62.7,38,418,3420,38,94,71,165,87,7,8,50,1,'2.47','1.87',4.34,'53352','Mohamed Salah - 23','Alisson'),(52,'Lorient','fr Ligue 1',33,29,26.2,44.4,38,418,3420,38,35,20,55,32,3,3,69,4,'0.92','0.53',1.45,'12738','Terem Moffi - 8','Paul Nardi'),(53,'Lyon','fr Ligue 1',33,30,25.6,58.4,38,418,3420,38,64,45,109,56,8,8,65,6,'1.68','1.18',2.87,'32329','Moussa Dembélé - 21','Anthony Lopes'),(54,'M\'Gladbach','de Bundesliga',11,26,26,54,34,374,3060,34,54,38,92,49,5,7,67,1,'1.59','1.12',2.71,'17978','Jonathan Burkardt - 11','Robin Zentner'),(55,'Mainz 05','de Bundesliga',11,28,26.2,46.5,34,374,3060,34,49,36,85,45,4,4,62,4,'1.44','01.06',2.5,'12712','Vedat Muriqi, Salva Sevilla - 5','Manolo Reina'),(56,'Mallorca','es La Liga',22,33,27.9,45.3,38,418,3420,38,33,23,56,27,6,7,114,7,'0.87','0.61',1.47,'52774','Kevin De Bruyne - 15','Ederson'),(57,'Manchester City','eng Premier League',44,26,27,67.9,38,418,3420,38,96,63,159,89,7,9,42,1,'2.53','1.66',4.18,'7315','Cristiano Ronaldo - 18','David de Gea'),(58,'Manchester Utd','eng Premier League',44,29,27.2,52.7,38,418,3420,38,56,46,102,53,3,5,77,2,'1.47','1.21',2.68,'51755','Dimitri Payet - 12','Pau López'),(59,'Marseille','fr Ligue 1',33,27,25,61.7,38,418,3420,38,61,40,101,51,10,10,61,3,'1.61','01.05',2.66,'14876','Nicolas de Préville - 5','Alexandre Oukidja'),(60,'Metz','fr Ligue 1',33,36,25.9,42.9,38,418,3420,38,33,24,57,32,1,1,94,9,'0.87','0.63',1.5,'26539','Jonas Hofmann - 12','Yann Sommer'),(61,'Milan','it Serie A',55,28,25.6,54,38,418,3420,38,66,39,105,61,5,8,76,3,'1.74','01.03',2.76,'44015','Olivier Giroud, Rafael Le?o - 11','Mike Maignan'),(62,'Monaco','fr Ligue 1',33,27,24.4,54.1,38,418,3420,38,62,45,107,53,9,9,85,4,'1.63','1.18',2.82,'5877','Wissam Ben Yedder - 25','Alexander Nübel'),(63,'Montpellier','fr Ligue 1',33,26,25.8,48.2,38,418,3420,38,48,31,79,45,3,4,77,8,'1.26','0.82',2.08,'10711','Sepe Elye Wahi - 10','Jonas Omlin'),(64,'Nantes','fr Ligue 1',33,26,26.1,43.9,38,418,3420,38,53,37,90,48,5,5,80,4,'1.39','0.97',2.37,'20803','Randal Kolo Muani - 12','Alban Lafont'),(65,'Napoli','it Serie A',55,27,27.9,58.3,38,418,3420,38,74,46,120,64,10,14,63,2,'1.95','1.21',3.16,'28119','Victor Osimhen - 14','David Ospina'),(66,'Newcastle Utd','eng Premier League',44,29,27.5,40.4,38,418,3420,38,41,23,64,38,3,3,81,2,'01.08','0.61',1.68,'51487','Callum Wilson - 8','Martin Dúbravka'),(67,'Nice','fr Ligue 1',33,27,25,51.5,38,418,3420,38,52,35,87,44,8,10,77,6,'1.37','0.92',2.29,'16055','Andy Delort - 16','Walter Benítez'),(68,'Norwich City','eng Premier League',44,28,26.2,42.9,38,418,3420,38,21,16,37,18,3,3,57,1,'0.55','0.42',0.97,'26836','Teemu Pukki - 11','Tim Krul'),(69,'Osasuna','es La Liga',22,29,27.7,46.9,38,418,3420,38,37,23,60,31,6,8,84,2,'0.97','0.61',1.58,'17107','Ante Budimir - 8','Sergio Herrera'),(70,'Paris S-G','fr Ligue 1',33,36,27.8,63,38,418,3420,38,88,65,153,81,7,8,79,4,'2.32','1.71',4.03,'41589','Kylian Mbappé - 28','Keylor Navas'),(71,'Rayo Vallecano','es La Liga',22,28,27.5,49.9,38,418,3420,38,38,28,66,34,4,4,101,3,'1','0.74',1.74,'7866','Sergi Guardiola - 8','Stole Dimitrievski'),(72,'RB Leipzig','de Bundesliga',11,29,25.3,56.1,34,374,3060,34,72,53,125,64,8,9,49,0,'2.12','1.56',3.68,'22124','Christopher Nkunku - 20','Péter Gulácsi'),(73,'Real Madrid','es La Liga',22,31,27.7,59.9,38,418,3420,38,80,59,139,72,8,12,76,0,'2.11','1.55',3.66,'41235','Karim Benzema - 27','Thibaut Courtois'),(74,'Real Sociedad','es La Liga',22,32,25.7,54.3,38,418,3420,38,40,22,62,31,9,10,77,4,'01.05','0.58',1.63,'26813','Mikel Oyarzabal - 9','?lex Remiro'),(75,'Reims','fr Ligue 1',33,35,24,42.2,38,418,3420,38,42,27,69,38,4,6,68,7,'1.11','0.71',1.82,'11071','Hugo Ekitike - 10','Predrag Rajkovi?'),(76,'Rennes','fr Ligue 1',33,28,25.3,55.9,38,418,3420,38,81,61,142,77,4,4,56,2,'2.13','1.61',3.74,'25493','Martin Terrier - 21','Alfred Gomis'),(77,'Roma','it Serie A',55,29,26.4,51.4,38,418,3420,38,58,31,89,51,7,9,111,8,'1.53','0.82',2.34,'41929','Tammy Abraham - 17','Rui Patrício'),(78,'Saint-Étienne','fr Ligue 1',33,39,25.1,48.5,38,418,3420,38,41,25,66,36,5,5,81,5,'01.08','0.66',1.74,'21806','Wahbi Khazri - 10','Paul Bernardoni'),(79,'Salernitana','it Serie A',55,42,27.7,41.2,38,418,3420,38,32,19,51,28,4,5,94,5,'0.84','0.5',1.34,'15073','Federico Bonazzoli - 10','Vid Belec'),(80,'Sampdoria','it Serie A',55,34,29,46.1,38,418,3420,38,42,29,71,40,2,4,94,4,'1.11','0.76',1.87,'9417','Francesco Caputo - 11','Emil Audero'),(81,'Sassuolo','it Serie A',55,29,26.1,54.9,38,418,3420,38,60,39,99,53,7,7,92,4,'1.58','01.03',2.61,'8362','Gianluca Scamacca - 16','Andrea Consigli'),(82,'Sevilla','es La Liga',22,33,28.6,59.4,38,418,3420,38,51,40,91,49,2,3,97,4,'1.34','01.05',2.39,'29756','Rafa Mir - 10','Yassine Bounou'),(83,'Southampton','eng Premier League',44,25,25.7,47.7,38,418,3420,38,41,26,67,37,4,4,65,2,'01.08','0.68',1.76,'30134','James Ward-Prowse - 10','Fraser Forster'),(84,'Spezia','it Serie A',55,30,24.4,42.7,38,418,3420,38,38,25,63,35,3,5,88,4,'1','0.66',1.66,'6709','Daniele Verde - 8','Ivan Provedel'),(85,'Strasbourg','fr Ligue 1',33,26,27,49.5,38,418,3420,38,56,40,96,50,6,8,72,3,'1.47','01.05',2.53,'23555','Ludovic Ajorque - 12','Matz Sels'),(86,'Stuttgart','de Bundesliga',11,34,24,50.7,34,374,3060,34,40,31,71,39,1,3,64,2,'1.18','0.91',2.09,'27052','Sasa Kalajdzic - 6','Florian Müller'),(87,'Torino','it Serie A',55,31,25.2,53.3,38,418,3420,38,43,27,70,37,6,6,89,3,'1.13','0.71',1.84,'9846','Andrea Belotti - 8','Vanja Milinkovi?-Savi?'),(88,'Tottenham','eng Premier League',44,25,26.5,51.8,38,418,3420,38,63,50,113,58,5,5,69,1,'1.66','1.32',2.97,'56523','Son Heung-min - 23','Hugo Lloris'),(89,'Troyes','fr Ligue 1',33,35,27.1,44.4,38,418,3420,38,35,23,58,29,6,7,75,6,'0.92','0.61',1.53,'9491','Xavier Chavalerin, Ike Ugbo - 5','Gauthier Gallon'),(90,'Udinese','it Serie A',55,29,26.2,42.7,38,418,3420,38,58,36,94,55,3,4,95,6,'1.53','0.95',2.47,'12144','Gerard Deulofeu - 13','Marco Silvestri'),(91,'Union Berlin','de Bundesliga',11,28,28.3,43.7,34,374,3060,34,50,33,83,45,5,5,62,1,'1.47','0.97',2.44,'14046','Taiwo Awoniyi - 15','Andreas Luthe'),(92,'Valencia','es La Liga',22,34,24.8,43.6,38,418,3420,38,45,30,75,37,8,9,134,8,'1.18','0.79',1.97,'27349','Gonçalo Guedes, Carlos Soler - 11','Giorgi Mamardashvili'),(93,'Venezia','it Serie A',55,39,26.1,42.3,38,418,3420,38,34,23,57,31,3,5,110,9,'0.89','0.61',1.5,'6648','Thomas Henry - 9','Niki Mäenpää'),(94,'Villarreal','es La Liga',22,29,28,56.8,38,418,3420,38,62,51,113,57,5,6,81,1,'1.63','1.34',2.97,'14293','Arnaut Danjuma - 10','Gerónimo Rulli'),(95,'Watford','eng Premier League',44,30,28.4,40.7,38,418,3420,38,33,26,59,32,1,2,63,3,'0.87','0.68',1.55,'20614','Emmanuel Dennis - 10','Ben Foster'),(96,'West Ham','eng Premier League',44,25,28.2,47.9,38,418,3420,38,58,46,104,54,4,6,52,3,'1.53','1.21',2.74,'5837','Jarrod Bowen - 12','?ukasz Fabia?ski'),(97,'Wolfsburg','de Bundesliga',11,30,26,50.5,34,374,3060,34,42,25,67,39,3,4,61,3,'1.24','0.74',1.97,'12018','Lukas Nmecha - 8','Koen Casteels'),(98,'Wolves','eng Premier League',44,26,27.3,49.5,38,418,3420,38,35,22,57,34,1,1,62,2,'0.92','0.58',1.5,'30841','Raúl Jiménez - 6','José Sá');
/*!40000 ALTER TABLE `teams` ENABLE KEYS */;
UNLOCK TABLES;
/*!40103 SET TIME_ZONE=@OLD_TIME_ZONE */;

/*!40101 SET SQL_MODE=@OLD_SQL_MODE */;
/*!40014 SET FOREIGN_KEY_CHECKS=@OLD_FOREIGN_KEY_CHECKS */;
/*!40014 SET UNIQUE_CHECKS=@OLD_UNIQUE_CHECKS */;
/*!40101 SET CHARACTER_SET_CLIENT=@OLD_CHARACTER_SET_CLIENT */;
/*!40101 SET CHARACTER_SET_RESULTS=@OLD_CHARACTER_SET_RESULTS */;
/*!40101 SET COLLATION_CONNECTION=@OLD_COLLATION_CONNECTION */;
/*!40111 SET SQL_NOTES=@OLD_SQL_NOTES */;

-- Dump completed on 2023-02-26 18:50:03

#With this statement I could find how many Shots has each team who has an average of scoreing more than 2 goals per 90 minutes and in which competitions they play. 

SELECT Squad, CompetitionName, competitions.Gls
From competitions
JOIN Teams ON CompetitionID = CompID
WHERE GlsPer90 > 2

#On this statement I can see by order of goals, the player, the team, the competition, and position they play, and goals they scored, from those that have player more than 20 90s minutes, that has at least 10 goals

SELECT Player, players.Squad, CompetitionName, Pos, players.Gls
From players	
JOIN competitions ON CompID = CompetitionID
JOIN teams ON players.TeamID = teams.TeamID
WHERE players.90s > 20 
AND players.Gls > 10
ORDER BY players.gls DESC

#This statements helps me to analyze the different arrendance from the different competitions.

SELECT CompetitionName, SUM(Attendance)
FROM competitions
Join teams ON CompetitionID = CompID
GROUP BY CompetitionName 
ORDER BY SUM(Attendance) DESC

